filename,label,pixel_error_x,pixel_error_y,centroid_x,centroid_y
images/000000.png,NOT_VISIBLE,0.0,0.0,,
images/000001.png,RIGHT,247.8738497387579,-119.16690692255366,295.49753086419753,160.99135802469135
images/000002.png,NOT_VISIBLE,0.0,0.0,,
images/000003.png,NOT_VISIBLE,0.0,0.0,,
images/000004.png,NOT_VISIBLE,0.0,0.0,,
images/000005.png,NOT_VISIBLE,0.0,0.0,,
images/000006.png,NOT_VISIBLE,0.0,0.0,,
images/000007.png,NOT_VISIBLE,0.0,0.0,,
images/000008.png,NOT_VISIBLE,0.0,0.0,,
images/000009.png,NOT_VISIBLE,0.0,0.0,,
images/000010.png,NOT_VISIBLE,0.0,0.0,,
images/000011.png,NOT_VISIBLE,0.0,0.0,,
images/000012.png,NOT_VISIBLE,0.0,0.0,,
images/000013.png,NOT_VISIBLE,0.0,0.0,,
images/000014.png,NOT_VISIBLE,0.0,0.0,,
images/000015.png,NOT_VISIBLE,0.0,0.0,,
images/000016.png,NOT_VISIBLE,0.0,0.0,,
images/000017.png,NOT_VISIBLE,0.0,0.0,,
images/000018.png,NOT_VISIBLE,0.0,0.0,,
images/000019.png,NOT_VISIBLE,0.0,0.0,,
images/000020.png,NOT_VISIBLE,0.0,0.0,,
images/000021.png,NOT_VISIBLE,0.0,0.0,,
images/000022.png,NOT_VISIBLE,0.0,0.0,,
images/000023.png,NOT_VISIBLE,0.0,0.0,,
images/000024.png,NOT_VISIBLE,0.0,0.0,,
images/000025.png,NOT_VISIBLE,0.0,0.0,,
images/000026.png,NOT_VISIBLE,0.0,0.0,,
images/000027.png,NOT_VISIBLE,0.0,0.0,,
images/000028.png,NOT_VISIBLE,0.0,0.0,,
images/000029.png,NOT_VISIBLE,0.0,0.0,,
images/000030.png,NOT_VISIBLE,0.0,0.0,,
images/000031.png,NOT_VISIBLE,0.0,0.0,,
images/000032.png,NOT_VISIBLE,0.0,0.0,,
images/000033.png,NOT_VISIBLE,0.0,0.0,,
images/000034.png,NOT_VISIBLE,0.0,0.0,,
images/000035.png,NOT_VISIBLE,0.0,0.0,,
images/000036.png,NOT_VISIBLE,0.0,0.0,,
images/000037.png,NOT_VISIBLE,0.0,0.0,,
images/000038.png,NOT_VISIBLE,0.0,0.0,,
images/000039.png,NOT_VISIBLE,0.0,0.0,,
images/000040.png,NOT_VISIBLE,0.0,0.0,,
images/000041.png,NOT_VISIBLE,0.0,0.0,,
images/000042.png,NOT_VISIBLE,0.0,0.0,,
images/000043.png,NOT_VISIBLE,0.0,0.0,,
images/000044.png,NOT_VISIBLE,0.0,0.0,,
images/000045.png,NOT_VISIBLE,0.0,0.0,,
images/000046.png,NOT_VISIBLE,0.0,0.0,,
images/000047.png,NOT_VISIBLE,0.0,0.0,,
images/000048.png,NOT_VISIBLE,0.0,0.0,,
images/000049.png,NOT_VISIBLE,0.0,0.0,,
images/000050.png,NOT_VISIBLE,0.0,0.0,,
images/000051.png,NOT_VISIBLE,0.0,0.0,,
images/000052.png,NOT_VISIBLE,0.0,0.0,,
images/000053.png,NOT_VISIBLE,0.0,0.0,,
images/000054.png,NOT_VISIBLE,0.0,0.0,,
images/000055.png,NOT_VISIBLE,0.0,0.0,,
images/000056.png,NOT_VISIBLE,0.0,0.0,,
images/000057.png,NOT_VISIBLE,0.0,0.0,,
images/000058.png,NOT_VISIBLE,0.0,0.0,,
images/000059.png,NOT_VISIBLE,0.0,0.0,,
images/000060.png,NOT_VISIBLE,0.0,0.0,,
images/000061.png,NOT_VISIBLE,0.0,0.0,,
images/000062.png,NOT_VISIBLE,0.0,0.0,,
images/000063.png,NOT_VISIBLE,0.0,0.0,,
images/000064.png,NOT_VISIBLE,0.0,0.0,,
images/000065.png,NOT_VISIBLE,0.0,0.0,,
images/000066.png,NOT_VISIBLE,0.0,0.0,,
images/000067.png,NOT_VISIBLE,0.0,0.0,,
images/000068.png,NOT_VISIBLE,0.0,0.0,,
images/000069.png,NOT_VISIBLE,0.0,0.0,,
images/000070.png,NOT_VISIBLE,0.0,0.0,,
images/000071.png,NOT_VISIBLE,0.0,0.0,,
images/000072.png,NOT_VISIBLE,0.0,0.0,,
images/000073.png,NOT_VISIBLE,0.0,0.0,,
images/000074.png,NOT_VISIBLE,0.0,0.0,,
images/000075.png,NOT_VISIBLE,0.0,0.0,,
images/000076.png,NOT_VISIBLE,0.0,0.0,,
images/000077.png,NOT_VISIBLE,0.0,0.0,,
images/000078.png,NOT_VISIBLE,0.0,0.0,,
images/000079.png,NOT_VISIBLE,0.0,0.0,,
images/000080.png,NOT_VISIBLE,0.0,0.0,,
images/000081.png,NOT_VISIBLE,0.0,0.0,,
images/000082.png,NOT_VISIBLE,0.0,0.0,,
images/000083.png,NOT_VISIBLE,0.0,0.0,,
images/000084.png,NOT_VISIBLE,0.0,0.0,,
images/000085.png,NOT_VISIBLE,0.0,0.0,,
images/000086.png,NOT_VISIBLE,0.0,0.0,,
images/000087.png,NOT_VISIBLE,0.0,0.0,,
images/000088.png,NOT_VISIBLE,0.0,0.0,,
images/000089.png,NOT_VISIBLE,0.0,0.0,,
images/000090.png,NOT_VISIBLE,0.0,0.0,,
images/000091.png,NOT_VISIBLE,0.0,0.0,,
images/000092.png,NOT_VISIBLE,0.0,0.0,,
images/000093.png,NOT_VISIBLE,0.0,0.0,,
images/000094.png,NOT_VISIBLE,0.0,0.0,,
images/000095.png,NOT_VISIBLE,0.0,0.0,,
images/000096.png,NOT_VISIBLE,0.0,0.0,,
images/000097.png,NOT_VISIBLE,0.0,0.0,,
images/000098.png,NOT_VISIBLE,0.0,0.0,,
images/000099.png,NOT_VISIBLE,0.0,0.0,,
images/000100.png,NOT_VISIBLE,0.0,0.0,,
images/000101.png,NOT_VISIBLE,0.0,0.0,,
images/000102.png,NOT_VISIBLE,0.0,0.0,,
images/000103.png,NOT_VISIBLE,0.0,0.0,,
images/000104.png,NOT_VISIBLE,0.0,0.0,,
images/000105.png,NOT_VISIBLE,0.0,0.0,,
images/000106.png,NOT_VISIBLE,0.0,0.0,,
images/000107.png,NOT_VISIBLE,0.0,0.0,,
images/000108.png,NOT_VISIBLE,0.0,0.0,,
images/000109.png,NOT_VISIBLE,0.0,0.0,,
images/000110.png,NOT_VISIBLE,0.0,0.0,,
images/000111.png,NOT_VISIBLE,0.0,0.0,,
images/000112.png,NOT_VISIBLE,0.0,0.0,,
images/000113.png,NOT_VISIBLE,0.0,0.0,,
images/000114.png,NOT_VISIBLE,0.0,0.0,,
images/000115.png,NOT_VISIBLE,0.0,0.0,,
images/000116.png,NOT_VISIBLE,0.0,0.0,,
images/000117.png,NOT_VISIBLE,0.0,0.0,,
images/000118.png,NOT_VISIBLE,0.0,0.0,,
images/000119.png,NOT_VISIBLE,0.0,0.0,,
images/000120.png,NOT_VISIBLE,0.0,0.0,,
images/000121.png,NOT_VISIBLE,0.0,0.0,,
images/000122.png,NOT_VISIBLE,0.0,0.0,,
images/000123.png,NOT_VISIBLE,0.0,0.0,,
images/000124.png,NOT_VISIBLE,0.0,0.0,,
images/000125.png,NOT_VISIBLE,0.0,0.0,,
images/000126.png,NOT_VISIBLE,0.0,0.0,,
images/000127.png,NOT_VISIBLE,0.0,0.0,,
images/000128.png,NOT_VISIBLE,0.0,0.0,,
images/000129.png,NOT_VISIBLE,0.0,0.0,,
images/000130.png,NOT_VISIBLE,0.0,0.0,,
images/000131.png,NOT_VISIBLE,0.0,0.0,,
images/000132.png,NOT_VISIBLE,0.0,0.0,,
images/000133.png,NOT_VISIBLE,0.0,0.0,,
images/000134.png,NOT_VISIBLE,0.0,0.0,,
images/000135.png,NOT_VISIBLE,0.0,0.0,,
images/000136.png,NOT_VISIBLE,0.0,0.0,,
images/000137.png,NOT_VISIBLE,0.0,0.0,,
images/000138.png,NOT_VISIBLE,0.0,0.0,,
images/000139.png,NOT_VISIBLE,0.0,0.0,,
images/000140.png,NOT_VISIBLE,0.0,0.0,,
images/000141.png,NOT_VISIBLE,0.0,0.0,,
images/000142.png,NOT_VISIBLE,0.0,0.0,,
images/000143.png,NOT_VISIBLE,0.0,0.0,,
images/000144.png,NOT_VISIBLE,0.0,0.0,,
images/000145.png,NOT_VISIBLE,0.0,0.0,,
images/000146.png,NOT_VISIBLE,0.0,0.0,,
images/000147.png,NOT_VISIBLE,0.0,0.0,,
images/000148.png,NOT_VISIBLE,0.0,0.0,,
images/000149.png,NOT_VISIBLE,0.0,0.0,,
images/000150.png,NOT_VISIBLE,0.0,0.0,,
images/000151.png,NOT_VISIBLE,0.0,0.0,,
images/000152.png,NOT_VISIBLE,0.0,0.0,,
images/000153.png,NOT_VISIBLE,0.0,0.0,,
images/000154.png,NOT_VISIBLE,0.0,0.0,,
images/000155.png,NOT_VISIBLE,0.0,0.0,,
images/000156.png,NOT_VISIBLE,0.0,0.0,,
images/000157.png,NOT_VISIBLE,0.0,0.0,,
images/000158.png,NOT_VISIBLE,0.0,0.0,,
images/000159.png,NOT_VISIBLE,0.0,0.0,,
images/000160.png,NOT_VISIBLE,0.0,0.0,,
images/000161.png,NOT_VISIBLE,0.0,0.0,,
images/000162.png,NOT_VISIBLE,0.0,0.0,,
images/000163.png,NOT_VISIBLE,0.0,0.0,,
images/000164.png,NOT_VISIBLE,0.0,0.0,,
images/000165.png,NOT_VISIBLE,0.0,0.0,,
images/000166.png,NOT_VISIBLE,0.0,0.0,,
images/000167.png,NOT_VISIBLE,0.0,0.0,,
images/000168.png,NOT_VISIBLE,0.0,0.0,,
images/000169.png,NOT_VISIBLE,0.0,0.0,,
images/000170.png,NOT_VISIBLE,0.0,0.0,,
images/000171.png,NOT_VISIBLE,0.0,0.0,,
images/000172.png,NOT_VISIBLE,0.0,0.0,,
images/000173.png,NOT_VISIBLE,0.0,0.0,,
images/000174.png,NOT_VISIBLE,0.0,0.0,,
images/000175.png,NOT_VISIBLE,0.0,0.0,,
images/000176.png,NOT_VISIBLE,0.0,0.0,,
images/000177.png,NOT_VISIBLE,0.0,0.0,,
images/000178.png,NOT_VISIBLE,0.0,0.0,,
images/000179.png,NOT_VISIBLE,0.0,0.0,,
images/000180.png,NOT_VISIBLE,0.0,0.0,,
images/000181.png,NOT_VISIBLE,0.0,0.0,,
images/000182.png,NOT_VISIBLE,0.0,0.0,,
images/000183.png,NOT_VISIBLE,0.0,0.0,,
images/000184.png,NOT_VISIBLE,0.0,0.0,,
images/000185.png,NOT_VISIBLE,0.0,0.0,,
images/000186.png,NOT_VISIBLE,0.0,0.0,,
images/000187.png,NOT_VISIBLE,0.0,0.0,,
images/000188.png,NOT_VISIBLE,0.0,0.0,,
images/000189.png,NOT_VISIBLE,0.0,0.0,,
images/000190.png,NOT_VISIBLE,0.0,0.0,,
images/000191.png,NOT_VISIBLE,0.0,0.0,,
images/000192.png,NOT_VISIBLE,0.0,0.0,,
images/000193.png,NOT_VISIBLE,0.0,0.0,,
images/000194.png,NOT_VISIBLE,0.0,0.0,,
images/000195.png,NOT_VISIBLE,0.0,0.0,,
images/000196.png,NOT_VISIBLE,0.0,0.0,,
images/000197.png,NOT_VISIBLE,0.0,0.0,,
images/000198.png,NOT_VISIBLE,0.0,0.0,,
images/000199.png,NOT_VISIBLE,0.0,0.0,,
images/000200.png,NOT_VISIBLE,0.0,0.0,,
images/000201.png,NOT_VISIBLE,0.0,0.0,,
images/000202.png,NOT_VISIBLE,0.0,0.0,,
images/000203.png,NOT_VISIBLE,0.0,0.0,,
images/000204.png,NOT_VISIBLE,0.0,0.0,,
images/000205.png,NOT_VISIBLE,0.0,0.0,,
images/000206.png,NOT_VISIBLE,0.0,0.0,,
images/000207.png,NOT_VISIBLE,0.0,0.0,,
images/000208.png,NOT_VISIBLE,0.0,0.0,,
images/000209.png,NOT_VISIBLE,0.0,0.0,,
images/000210.png,NOT_VISIBLE,0.0,0.0,,
images/000211.png,NOT_VISIBLE,0.0,0.0,,
images/000212.png,NOT_VISIBLE,0.0,0.0,,
images/000213.png,NOT_VISIBLE,0.0,0.0,,
images/000214.png,NOT_VISIBLE,0.0,0.0,,
images/000215.png,NOT_VISIBLE,0.0,0.0,,
images/000216.png,NOT_VISIBLE,0.0,0.0,,
images/000217.png,NOT_VISIBLE,0.0,0.0,,
images/000218.png,NOT_VISIBLE,0.0,0.0,,
images/000219.png,NOT_VISIBLE,0.0,0.0,,
images/000220.png,NOT_VISIBLE,0.0,0.0,,
images/000221.png,NOT_VISIBLE,0.0,0.0,,
images/000222.png,NOT_VISIBLE,0.0,0.0,,
images/000223.png,NOT_VISIBLE,0.0,0.0,,
images/000224.png,NOT_VISIBLE,0.0,0.0,,
images/000225.png,NOT_VISIBLE,0.0,0.0,,
images/000226.png,NOT_VISIBLE,0.0,0.0,,
images/000227.png,NOT_VISIBLE,0.0,0.0,,
images/000228.png,NOT_VISIBLE,0.0,0.0,,
images/000229.png,NOT_VISIBLE,0.0,0.0,,
images/000230.png,NOT_VISIBLE,0.0,0.0,,
images/000231.png,NOT_VISIBLE,0.0,0.0,,
images/000232.png,NOT_VISIBLE,0.0,0.0,,
images/000233.png,NOT_VISIBLE,0.0,0.0,,
images/000234.png,NOT_VISIBLE,0.0,0.0,,
images/000235.png,NOT_VISIBLE,0.0,0.0,,
images/000236.png,NOT_VISIBLE,0.0,0.0,,
images/000237.png,NOT_VISIBLE,0.0,0.0,,
images/000238.png,NOT_VISIBLE,0.0,0.0,,
images/000239.png,NOT_VISIBLE,0.0,0.0,,
images/000240.png,NOT_VISIBLE,0.0,0.0,,
images/000241.png,NOT_VISIBLE,0.0,0.0,,
images/000242.png,NOT_VISIBLE,0.0,0.0,,
images/000243.png,NOT_VISIBLE,0.0,0.0,,
images/000244.png,NOT_VISIBLE,0.0,0.0,,
images/000245.png,NOT_VISIBLE,0.0,0.0,,
images/000246.png,NOT_VISIBLE,0.0,0.0,,
images/000247.png,NOT_VISIBLE,0.0,0.0,,
images/000248.png,NOT_VISIBLE,0.0,0.0,,
images/000249.png,NOT_VISIBLE,0.0,0.0,,
images/000250.png,NOT_VISIBLE,0.0,0.0,,
images/000251.png,NOT_VISIBLE,0.0,0.0,,
images/000252.png,NOT_VISIBLE,0.0,0.0,,
images/000253.png,NOT_VISIBLE,0.0,0.0,,
images/000254.png,NOT_VISIBLE,0.0,0.0,,
images/000255.png,NOT_VISIBLE,0.0,0.0,,
images/000256.png,NOT_VISIBLE,0.0,0.0,,
images/000257.png,NOT_VISIBLE,0.0,0.0,,
images/000258.png,NOT_VISIBLE,0.0,0.0,,
images/000259.png,NOT_VISIBLE,0.0,0.0,,
images/000260.png,NOT_VISIBLE,0.0,0.0,,
images/000261.png,NOT_VISIBLE,0.0,0.0,,
images/000262.png,NOT_VISIBLE,0.0,0.0,,
images/000263.png,NOT_VISIBLE,0.0,0.0,,
images/000264.png,NOT_VISIBLE,0.0,0.0,,
images/000265.png,NOT_VISIBLE,0.0,0.0,,
images/000266.png,NOT_VISIBLE,0.0,0.0,,
images/000267.png,NOT_VISIBLE,0.0,0.0,,
images/000268.png,NOT_VISIBLE,0.0,0.0,,
images/000269.png,NOT_VISIBLE,0.0,0.0,,
images/000270.png,NOT_VISIBLE,0.0,0.0,,
images/000271.png,NOT_VISIBLE,0.0,0.0,,
images/000272.png,NOT_VISIBLE,0.0,0.0,,
images/000273.png,NOT_VISIBLE,0.0,0.0,,
images/000274.png,NOT_VISIBLE,0.0,0.0,,
images/000275.png,NOT_VISIBLE,0.0,0.0,,
images/000276.png,NOT_VISIBLE,0.0,0.0,,
images/000277.png,NOT_VISIBLE,0.0,0.0,,
images/000278.png,NOT_VISIBLE,0.0,0.0,,
images/000279.png,NOT_VISIBLE,0.0,0.0,,
images/000280.png,NOT_VISIBLE,0.0,0.0,,
images/000281.png,NOT_VISIBLE,0.0,0.0,,
images/000282.png,NOT_VISIBLE,0.0,0.0,,
images/000283.png,NOT_VISIBLE,0.0,0.0,,
images/000284.png,NOT_VISIBLE,0.0,0.0,,
images/000285.png,NOT_VISIBLE,0.0,0.0,,
images/000286.png,NOT_VISIBLE,0.0,0.0,,
images/000287.png,NOT_VISIBLE,0.0,0.0,,
images/000288.png,NOT_VISIBLE,0.0,0.0,,
images/000289.png,NOT_VISIBLE,0.0,0.0,,
images/000290.png,NOT_VISIBLE,0.0,0.0,,
images/000291.png,NOT_VISIBLE,0.0,0.0,,
images/000292.png,NOT_VISIBLE,0.0,0.0,,
images/000293.png,NOT_VISIBLE,0.0,0.0,,
images/000294.png,NOT_VISIBLE,0.0,0.0,,
images/000295.png,NOT_VISIBLE,0.0,0.0,,
images/000296.png,NOT_VISIBLE,0.0,0.0,,
images/000297.png,NOT_VISIBLE,0.0,0.0,,
images/000298.png,NOT_VISIBLE,0.0,0.0,,
images/000299.png,NOT_VISIBLE,0.0,0.0,,
images/000300.png,NOT_VISIBLE,0.0,0.0,,
images/000301.png,NOT_VISIBLE,0.0,0.0,,
images/000302.png,NOT_VISIBLE,0.0,0.0,,
images/000303.png,NOT_VISIBLE,0.0,0.0,,
images/000304.png,NOT_VISIBLE,0.0,0.0,,
images/000305.png,NOT_VISIBLE,0.0,0.0,,
images/000306.png,NOT_VISIBLE,0.0,0.0,,
images/000307.png,NOT_VISIBLE,0.0,0.0,,
images/000308.png,NOT_VISIBLE,0.0,0.0,,
images/000309.png,NOT_VISIBLE,0.0,0.0,,
images/000310.png,NOT_VISIBLE,0.0,0.0,,
images/000311.png,NOT_VISIBLE,0.0,0.0,,
images/000312.png,NOT_VISIBLE,0.0,0.0,,
images/000313.png,NOT_VISIBLE,0.0,0.0,,
images/000314.png,NOT_VISIBLE,0.0,0.0,,
images/000315.png,NOT_VISIBLE,0.0,0.0,,
images/000316.png,NOT_VISIBLE,0.0,0.0,,
images/000317.png,NOT_VISIBLE,0.0,0.0,,
images/000318.png,NOT_VISIBLE,0.0,0.0,,
images/000319.png,NOT_VISIBLE,0.0,0.0,,
images/000320.png,NOT_VISIBLE,0.0,0.0,,
images/000321.png,NOT_VISIBLE,0.0,0.0,,
images/000322.png,NOT_VISIBLE,0.0,0.0,,
images/000323.png,NOT_VISIBLE,0.0,0.0,,
images/000324.png,NOT_VISIBLE,0.0,0.0,,
images/000325.png,NOT_VISIBLE,0.0,0.0,,
images/000326.png,NOT_VISIBLE,0.0,0.0,,
images/000327.png,NOT_VISIBLE,0.0,0.0,,
images/000328.png,NOT_VISIBLE,0.0,0.0,,
images/000329.png,NOT_VISIBLE,0.0,0.0,,
images/000330.png,NOT_VISIBLE,0.0,0.0,,
images/000331.png,NOT_VISIBLE,0.0,0.0,,
images/000332.png,NOT_VISIBLE,0.0,0.0,,
images/000333.png,NOT_VISIBLE,0.0,0.0,,
images/000334.png,NOT_VISIBLE,0.0,0.0,,
images/000335.png,NOT_VISIBLE,0.0,0.0,,
images/000336.png,NOT_VISIBLE,0.0,0.0,,
images/000337.png,NOT_VISIBLE,0.0,0.0,,
images/000338.png,NOT_VISIBLE,0.0,0.0,,
images/000339.png,NOT_VISIBLE,0.0,0.0,,
images/000340.png,NOT_VISIBLE,0.0,0.0,,
images/000341.png,NOT_VISIBLE,0.0,0.0,,
images/000342.png,NOT_VISIBLE,0.0,0.0,,
images/000343.png,NOT_VISIBLE,0.0,0.0,,
images/000344.png,NOT_VISIBLE,0.0,0.0,,
images/000345.png,NOT_VISIBLE,0.0,0.0,,
images/000346.png,NOT_VISIBLE,0.0,0.0,,
images/000347.png,NOT_VISIBLE,0.0,0.0,,
images/000348.png,NOT_VISIBLE,0.0,0.0,,
images/000349.png,NOT_VISIBLE,0.0,0.0,,
images/000350.png,NOT_VISIBLE,0.0,0.0,,
images/000351.png,NOT_VISIBLE,0.0,0.0,,
images/000352.png,NOT_VISIBLE,0.0,0.0,,
images/000353.png,NOT_VISIBLE,0.0,0.0,,
images/000354.png,NOT_VISIBLE,0.0,0.0,,
images/000355.png,NOT_VISIBLE,0.0,0.0,,
images/000356.png,NOT_VISIBLE,0.0,0.0,,
images/000357.png,NOT_VISIBLE,0.0,0.0,,
images/000358.png,NOT_VISIBLE,0.0,0.0,,
images/000359.png,NOT_VISIBLE,0.0,0.0,,
images/000360.png,NOT_VISIBLE,0.0,0.0,,
images/000361.png,NOT_VISIBLE,0.0,0.0,,
images/000362.png,NOT_VISIBLE,0.0,0.0,,
images/000363.png,NOT_VISIBLE,0.0,0.0,,
images/000364.png,NOT_VISIBLE,0.0,0.0,,
images/000365.png,NOT_VISIBLE,0.0,0.0,,
images/000366.png,NOT_VISIBLE,0.0,0.0,,
images/000367.png,NOT_VISIBLE,0.0,0.0,,
images/000368.png,NOT_VISIBLE,0.0,0.0,,
images/000369.png,NOT_VISIBLE,0.0,0.0,,
images/000370.png,NOT_VISIBLE,0.0,0.0,,
images/000371.png,NOT_VISIBLE,0.0,0.0,,
images/000372.png,NOT_VISIBLE,0.0,0.0,,
images/000373.png,NOT_VISIBLE,0.0,0.0,,
images/000374.png,NOT_VISIBLE,0.0,0.0,,
images/000375.png,NOT_VISIBLE,0.0,0.0,,
images/000376.png,NOT_VISIBLE,0.0,0.0,,
images/000377.png,NOT_VISIBLE,0.0,0.0,,
images/000378.png,NOT_VISIBLE,0.0,0.0,,
images/000379.png,NOT_VISIBLE,0.0,0.0,,
images/000380.png,NOT_VISIBLE,0.0,0.0,,
images/000381.png,NOT_VISIBLE,0.0,0.0,,
images/000382.png,NOT_VISIBLE,0.0,0.0,,
images/000383.png,NOT_VISIBLE,0.0,0.0,,
images/000384.png,NOT_VISIBLE,0.0,0.0,,
images/000385.png,NOT_VISIBLE,0.0,0.0,,
images/000386.png,NOT_VISIBLE,0.0,0.0,,
images/000387.png,NOT_VISIBLE,0.0,0.0,,
images/000388.png,NOT_VISIBLE,0.0,0.0,,
images/000389.png,NOT_VISIBLE,0.0,0.0,,
images/000390.png,NOT_VISIBLE,0.0,0.0,,
images/000391.png,NOT_VISIBLE,0.0,0.0,,
images/000392.png,NOT_VISIBLE,0.0,0.0,,
images/000393.png,NOT_VISIBLE,0.0,0.0,,
images/000394.png,NOT_VISIBLE,0.0,0.0,,
images/000395.png,NOT_VISIBLE,0.0,0.0,,
images/000396.png,NOT_VISIBLE,0.0,0.0,,
images/000397.png,NOT_VISIBLE,0.0,0.0,,
images/000398.png,NOT_VISIBLE,0.0,0.0,,
images/000399.png,NOT_VISIBLE,0.0,0.0,,
images/000400.png,NOT_VISIBLE,0.0,0.0,,
images/000401.png,NOT_VISIBLE,0.0,0.0,,
images/000402.png,NOT_VISIBLE,0.0,0.0,,
images/000403.png,NOT_VISIBLE,0.0,0.0,,
images/000404.png,NOT_VISIBLE,0.0,0.0,,
images/000405.png,NOT_VISIBLE,0.0,0.0,,
images/000406.png,NOT_VISIBLE,0.0,0.0,,
images/000407.png,NOT_VISIBLE,0.0,0.0,,
images/000408.png,NOT_VISIBLE,0.0,0.0,,
images/000409.png,NOT_VISIBLE,0.0,0.0,,
images/000410.png,NOT_VISIBLE,0.0,0.0,,
images/000411.png,NOT_VISIBLE,0.0,0.0,,
images/000412.png,NOT_VISIBLE,0.0,0.0,,
images/000413.png,NOT_VISIBLE,0.0,0.0,,
images/000414.png,NOT_VISIBLE,0.0,0.0,,
images/000415.png,NOT_VISIBLE,0.0,0.0,,
images/000416.png,NOT_VISIBLE,0.0,0.0,,
images/000417.png,NOT_VISIBLE,0.0,0.0,,
images/000418.png,NOT_VISIBLE,0.0,0.0,,
images/000419.png,NOT_VISIBLE,0.0,0.0,,
images/000420.png,NOT_VISIBLE,0.0,0.0,,
images/000421.png,NOT_VISIBLE,0.0,0.0,,
images/000422.png,NOT_VISIBLE,0.0,0.0,,
images/000423.png,NOT_VISIBLE,0.0,0.0,,
images/000424.png,NOT_VISIBLE,0.0,0.0,,
images/000425.png,NOT_VISIBLE,0.0,0.0,,
images/000426.png,NOT_VISIBLE,0.0,0.0,,
images/000427.png,NOT_VISIBLE,0.0,0.0,,
images/000428.png,NOT_VISIBLE,0.0,0.0,,
images/000429.png,NOT_VISIBLE,0.0,0.0,,
images/000430.png,NOT_VISIBLE,0.0,0.0,,
images/000431.png,NOT_VISIBLE,0.0,0.0,,
images/000432.png,NOT_VISIBLE,0.0,0.0,,
images/000433.png,NOT_VISIBLE,0.0,0.0,,
images/000434.png,NOT_VISIBLE,0.0,0.0,,
images/000435.png,NOT_VISIBLE,0.0,0.0,,
images/000436.png,NOT_VISIBLE,0.0,0.0,,
images/000437.png,NOT_VISIBLE,0.0,0.0,,
images/000438.png,NOT_VISIBLE,0.0,0.0,,
images/000439.png,NOT_VISIBLE,0.0,0.0,,
images/000440.png,NOT_VISIBLE,0.0,0.0,,
images/000441.png,NOT_VISIBLE,0.0,0.0,,
images/000442.png,NOT_VISIBLE,0.0,0.0,,
images/000443.png,NOT_VISIBLE,0.0,0.0,,
images/000444.png,NOT_VISIBLE,0.0,0.0,,
images/000445.png,NOT_VISIBLE,0.0,0.0,,
images/000446.png,NOT_VISIBLE,0.0,0.0,,
images/000447.png,NOT_VISIBLE,0.0,0.0,,
images/000448.png,NOT_VISIBLE,0.0,0.0,,
images/000449.png,NOT_VISIBLE,0.0,0.0,,
images/000450.png,NOT_VISIBLE,0.0,0.0,,
images/000451.png,NOT_VISIBLE,0.0,0.0,,
images/000452.png,NOT_VISIBLE,0.0,0.0,,
images/000453.png,NOT_VISIBLE,0.0,0.0,,
images/000454.png,NOT_VISIBLE,0.0,0.0,,
images/000455.png,NOT_VISIBLE,0.0,0.0,,
images/000456.png,NOT_VISIBLE,0.0,0.0,,
images/000457.png,NOT_VISIBLE,0.0,0.0,,
images/000458.png,NOT_VISIBLE,0.0,0.0,,
images/000459.png,NOT_VISIBLE,0.0,0.0,,
images/000460.png,NOT_VISIBLE,0.0,0.0,,
images/000461.png,NOT_VISIBLE,0.0,0.0,,
images/000462.png,NOT_VISIBLE,0.0,0.0,,
images/000463.png,NOT_VISIBLE,0.0,0.0,,
images/000464.png,NOT_VISIBLE,0.0,0.0,,
images/000465.png,NOT_VISIBLE,0.0,0.0,,
images/000466.png,NOT_VISIBLE,0.0,0.0,,
images/000467.png,NOT_VISIBLE,0.0,0.0,,
images/000468.png,NOT_VISIBLE,0.0,0.0,,
images/000469.png,NOT_VISIBLE,0.0,0.0,,
images/000470.png,NOT_VISIBLE,0.0,0.0,,
images/000471.png,NOT_VISIBLE,0.0,0.0,,
images/000472.png,NOT_VISIBLE,0.0,0.0,,
images/000473.png,NOT_VISIBLE,0.0,0.0,,
images/000474.png,NOT_VISIBLE,0.0,0.0,,
images/000475.png,NOT_VISIBLE,0.0,0.0,,
images/000476.png,NOT_VISIBLE,0.0,0.0,,
images/000477.png,NOT_VISIBLE,0.0,0.0,,
images/000478.png,NOT_VISIBLE,0.0,0.0,,
images/000479.png,NOT_VISIBLE,0.0,0.0,,
images/000480.png,NOT_VISIBLE,0.0,0.0,,
images/000481.png,NOT_VISIBLE,0.0,0.0,,
images/000482.png,NOT_VISIBLE,0.0,0.0,,
images/000483.png,NOT_VISIBLE,0.0,0.0,,
images/000484.png,NOT_VISIBLE,0.0,0.0,,
images/000485.png,NOT_VISIBLE,0.0,0.0,,
images/000486.png,NOT_VISIBLE,0.0,0.0,,
images/000487.png,NOT_VISIBLE,0.0,0.0,,
images/000488.png,NOT_VISIBLE,0.0,0.0,,
images/000489.png,NOT_VISIBLE,0.0,0.0,,
images/000490.png,NOT_VISIBLE,0.0,0.0,,
images/000491.png,NOT_VISIBLE,0.0,0.0,,
images/000492.png,NOT_VISIBLE,0.0,0.0,,
images/000493.png,NOT_VISIBLE,0.0,0.0,,
images/000494.png,NOT_VISIBLE,0.0,0.0,,
images/000495.png,NOT_VISIBLE,0.0,0.0,,
images/000496.png,NOT_VISIBLE,0.0,0.0,,
images/000497.png,NOT_VISIBLE,0.0,0.0,,
images/000498.png,NOT_VISIBLE,0.0,0.0,,
images/000499.png,NOT_VISIBLE,0.0,0.0,,
images/000500.png,NOT_VISIBLE,0.0,0.0,,
images/000501.png,NOT_VISIBLE,0.0,0.0,,
images/000502.png,NOT_VISIBLE,0.0,0.0,,
images/000503.png,NOT_VISIBLE,0.0,0.0,,
images/000504.png,NOT_VISIBLE,0.0,0.0,,
images/000505.png,NOT_VISIBLE,0.0,0.0,,
images/000506.png,NOT_VISIBLE,0.0,0.0,,
images/000507.png,NOT_VISIBLE,0.0,0.0,,
images/000508.png,NOT_VISIBLE,0.0,0.0,,
images/000509.png,NOT_VISIBLE,0.0,0.0,,
images/000510.png,NOT_VISIBLE,0.0,0.0,,
images/000511.png,NOT_VISIBLE,0.0,0.0,,
images/000512.png,NOT_VISIBLE,0.0,0.0,,
images/000513.png,NOT_VISIBLE,0.0,0.0,,
images/000514.png,NOT_VISIBLE,0.0,0.0,,
images/000515.png,NOT_VISIBLE,0.0,0.0,,
images/000516.png,NOT_VISIBLE,0.0,0.0,,
images/000517.png,NOT_VISIBLE,0.0,0.0,,
images/000518.png,NOT_VISIBLE,0.0,0.0,,
images/000519.png,NOT_VISIBLE,0.0,0.0,,
images/000520.png,NOT_VISIBLE,0.0,0.0,,
images/000521.png,NOT_VISIBLE,0.0,0.0,,
images/000522.png,NOT_VISIBLE,0.0,0.0,,
images/000523.png,NOT_VISIBLE,0.0,0.0,,
images/000524.png,NOT_VISIBLE,0.0,0.0,,
images/000525.png,NOT_VISIBLE,0.0,0.0,,
images/000526.png,NOT_VISIBLE,0.0,0.0,,
images/000527.png,NOT_VISIBLE,0.0,0.0,,
images/000528.png,NOT_VISIBLE,0.0,0.0,,
images/000529.png,NOT_VISIBLE,0.0,0.0,,
images/000530.png,NOT_VISIBLE,0.0,0.0,,
images/000531.png,NOT_VISIBLE,0.0,0.0,,
images/000532.png,NOT_VISIBLE,0.0,0.0,,
images/000533.png,NOT_VISIBLE,0.0,0.0,,
images/000534.png,NOT_VISIBLE,0.0,0.0,,
images/000535.png,NOT_VISIBLE,0.0,0.0,,
images/000536.png,NOT_VISIBLE,0.0,0.0,,
images/000537.png,NOT_VISIBLE,0.0,0.0,,
images/000538.png,NOT_VISIBLE,0.0,0.0,,
images/000539.png,NOT_VISIBLE,0.0,0.0,,
images/000540.png,NOT_VISIBLE,0.0,0.0,,
images/000541.png,NOT_VISIBLE,0.0,0.0,,
images/000542.png,NOT_VISIBLE,0.0,0.0,,
images/000543.png,NOT_VISIBLE,0.0,0.0,,
images/000544.png,NOT_VISIBLE,0.0,0.0,,
images/000545.png,NOT_VISIBLE,0.0,0.0,,
images/000546.png,NOT_VISIBLE,0.0,0.0,,
images/000547.png,NOT_VISIBLE,0.0,0.0,,
images/000548.png,NOT_VISIBLE,0.0,0.0,,
images/000549.png,NOT_VISIBLE,0.0,0.0,,
images/000550.png,NOT_VISIBLE,0.0,0.0,,
images/000551.png,NOT_VISIBLE,0.0,0.0,,
images/000552.png,NOT_VISIBLE,0.0,0.0,,
images/000553.png,NOT_VISIBLE,0.0,0.0,,
images/000554.png,NOT_VISIBLE,0.0,0.0,,
images/000555.png,NOT_VISIBLE,0.0,0.0,,
images/000556.png,NOT_VISIBLE,0.0,0.0,,
images/000557.png,NOT_VISIBLE,0.0,0.0,,
images/000558.png,NOT_VISIBLE,0.0,0.0,,
images/000559.png,NOT_VISIBLE,0.0,0.0,,
images/000560.png,NOT_VISIBLE,0.0,0.0,,
images/000561.png,NOT_VISIBLE,0.0,0.0,,
images/000562.png,NOT_VISIBLE,0.0,0.0,,
images/000563.png,NOT_VISIBLE,0.0,0.0,,
images/000564.png,NOT_VISIBLE,0.0,0.0,,
images/000565.png,NOT_VISIBLE,0.0,0.0,,
images/000566.png,NOT_VISIBLE,0.0,0.0,,
images/000567.png,NOT_VISIBLE,0.0,0.0,,
images/000568.png,NOT_VISIBLE,0.0,0.0,,
images/000569.png,NOT_VISIBLE,0.0,0.0,,
images/000570.png,NOT_VISIBLE,0.0,0.0,,
images/000571.png,NOT_VISIBLE,0.0,0.0,,
images/000572.png,NOT_VISIBLE,0.0,0.0,,
images/000573.png,NOT_VISIBLE,0.0,0.0,,
images/000574.png,NOT_VISIBLE,0.0,0.0,,
images/000575.png,NOT_VISIBLE,0.0,0.0,,
images/000576.png,NOT_VISIBLE,0.0,0.0,,
images/000577.png,NOT_VISIBLE,0.0,0.0,,
images/000578.png,NOT_VISIBLE,0.0,0.0,,
images/000579.png,NOT_VISIBLE,0.0,0.0,,
images/000580.png,NOT_VISIBLE,0.0,0.0,,
images/000581.png,NOT_VISIBLE,0.0,0.0,,
images/000582.png,NOT_VISIBLE,0.0,0.0,,
images/000583.png,NOT_VISIBLE,0.0,0.0,,
images/000584.png,NOT_VISIBLE,0.0,0.0,,
images/000585.png,NOT_VISIBLE,0.0,0.0,,
images/000586.png,NOT_VISIBLE,0.0,0.0,,
images/000587.png,NOT_VISIBLE,0.0,0.0,,
images/000588.png,NOT_VISIBLE,0.0,0.0,,
images/000589.png,NOT_VISIBLE,0.0,0.0,,
images/000590.png,NOT_VISIBLE,0.0,0.0,,
images/000591.png,NOT_VISIBLE,0.0,0.0,,
images/000592.png,NOT_VISIBLE,0.0,0.0,,
images/000593.png,NOT_VISIBLE,0.0,0.0,,
images/000594.png,NOT_VISIBLE,0.0,0.0,,
images/000595.png,NOT_VISIBLE,0.0,0.0,,
images/000596.png,NOT_VISIBLE,0.0,0.0,,
images/000597.png,NOT_VISIBLE,0.0,0.0,,
images/000598.png,NOT_VISIBLE,0.0,0.0,,
images/000599.png,NOT_VISIBLE,0.0,0.0,,
images/000600.png,NOT_VISIBLE,0.0,0.0,,
images/000601.png,NOT_VISIBLE,0.0,0.0,,
images/000602.png,NOT_VISIBLE,0.0,0.0,,
images/000603.png,NOT_VISIBLE,0.0,0.0,,
images/000604.png,NOT_VISIBLE,0.0,0.0,,
images/000605.png,NOT_VISIBLE,0.0,0.0,,
images/000606.png,NOT_VISIBLE,0.0,0.0,,
images/000607.png,NOT_VISIBLE,0.0,0.0,,
images/000608.png,NOT_VISIBLE,0.0,0.0,,
images/000609.png,NOT_VISIBLE,0.0,0.0,,
images/000610.png,NOT_VISIBLE,0.0,0.0,,
images/000611.png,NOT_VISIBLE,0.0,0.0,,
images/000612.png,NOT_VISIBLE,0.0,0.0,,
images/000613.png,NOT_VISIBLE,0.0,0.0,,
images/000614.png,NOT_VISIBLE,0.0,0.0,,
images/000615.png,NOT_VISIBLE,0.0,0.0,,
images/000616.png,NOT_VISIBLE,0.0,0.0,,
images/000617.png,NOT_VISIBLE,0.0,0.0,,
images/000618.png,NOT_VISIBLE,0.0,0.0,,
images/000619.png,NOT_VISIBLE,0.0,0.0,,
images/000620.png,NOT_VISIBLE,0.0,0.0,,
images/000621.png,NOT_VISIBLE,0.0,0.0,,
images/000622.png,NOT_VISIBLE,0.0,0.0,,
images/000623.png,NOT_VISIBLE,0.0,0.0,,
images/000624.png,NOT_VISIBLE,0.0,0.0,,
images/000625.png,NOT_VISIBLE,0.0,0.0,,
images/000626.png,NOT_VISIBLE,0.0,0.0,,
images/000627.png,NOT_VISIBLE,0.0,0.0,,
images/000628.png,NOT_VISIBLE,0.0,0.0,,
images/000629.png,NOT_VISIBLE,0.0,0.0,,
images/000630.png,NOT_VISIBLE,0.0,0.0,,
images/000631.png,NOT_VISIBLE,0.0,0.0,,
images/000632.png,NOT_VISIBLE,0.0,0.0,,
images/000633.png,NOT_VISIBLE,0.0,0.0,,
images/000634.png,NOT_VISIBLE,0.0,0.0,,
images/000635.png,NOT_VISIBLE,0.0,0.0,,
images/000636.png,NOT_VISIBLE,0.0,0.0,,
images/000637.png,NOT_VISIBLE,0.0,0.0,,
images/000638.png,NOT_VISIBLE,0.0,0.0,,
images/000639.png,NOT_VISIBLE,0.0,0.0,,
images/000640.png,NOT_VISIBLE,0.0,0.0,,
images/000641.png,NOT_VISIBLE,0.0,0.0,,
images/000642.png,NOT_VISIBLE,0.0,0.0,,
images/000643.png,NOT_VISIBLE,0.0,0.0,,
images/000644.png,NOT_VISIBLE,0.0,0.0,,
images/000645.png,NOT_VISIBLE,0.0,0.0,,
images/000646.png,NOT_VISIBLE,0.0,0.0,,
images/000647.png,NOT_VISIBLE,0.0,0.0,,
images/000648.png,NOT_VISIBLE,0.0,0.0,,
images/000649.png,NOT_VISIBLE,0.0,0.0,,
images/000650.png,NOT_VISIBLE,0.0,0.0,,
images/000651.png,NOT_VISIBLE,0.0,0.0,,
images/000652.png,NOT_VISIBLE,0.0,0.0,,
images/000653.png,NOT_VISIBLE,0.0,0.0,,
images/000654.png,NOT_VISIBLE,0.0,0.0,,
images/000655.png,NOT_VISIBLE,0.0,0.0,,
images/000656.png,NOT_VISIBLE,0.0,0.0,,
images/000657.png,NOT_VISIBLE,0.0,0.0,,
images/000658.png,NOT_VISIBLE,0.0,0.0,,
images/000659.png,NOT_VISIBLE,0.0,0.0,,
images/000660.png,NOT_VISIBLE,0.0,0.0,,
images/000661.png,NOT_VISIBLE,0.0,0.0,,
images/000662.png,NOT_VISIBLE,0.0,0.0,,
images/000663.png,NOT_VISIBLE,0.0,0.0,,
images/000664.png,NOT_VISIBLE,0.0,0.0,,
images/000665.png,NOT_VISIBLE,0.0,0.0,,
images/000666.png,NOT_VISIBLE,0.0,0.0,,
images/000667.png,NOT_VISIBLE,0.0,0.0,,
images/000668.png,NOT_VISIBLE,0.0,0.0,,
images/000669.png,NOT_VISIBLE,0.0,0.0,,
images/000670.png,NOT_VISIBLE,0.0,0.0,,
images/000671.png,NOT_VISIBLE,0.0,0.0,,
images/000672.png,NOT_VISIBLE,0.0,0.0,,
images/000673.png,NOT_VISIBLE,0.0,0.0,,
images/000674.png,NOT_VISIBLE,0.0,0.0,,
images/000675.png,NOT_VISIBLE,0.0,0.0,,
images/000676.png,NOT_VISIBLE,0.0,0.0,,
images/000677.png,NOT_VISIBLE,0.0,0.0,,
images/000678.png,NOT_VISIBLE,0.0,0.0,,
images/000679.png,NOT_VISIBLE,0.0,0.0,,
images/000680.png,NOT_VISIBLE,0.0,0.0,,
images/000681.png,NOT_VISIBLE,0.0,0.0,,
images/000682.png,NOT_VISIBLE,0.0,0.0,,
images/000683.png,NOT_VISIBLE,0.0,0.0,,
images/000684.png,NOT_VISIBLE,0.0,0.0,,
images/000685.png,NOT_VISIBLE,0.0,0.0,,
images/000686.png,NOT_VISIBLE,0.0,0.0,,
images/000687.png,NOT_VISIBLE,0.0,0.0,,
images/000688.png,NOT_VISIBLE,0.0,0.0,,
images/000689.png,NOT_VISIBLE,0.0,0.0,,
images/000690.png,NOT_VISIBLE,0.0,0.0,,
images/000691.png,NOT_VISIBLE,0.0,0.0,,
images/000692.png,NOT_VISIBLE,0.0,0.0,,
images/000693.png,NOT_VISIBLE,0.0,0.0,,
images/000694.png,NOT_VISIBLE,0.0,0.0,,
images/000695.png,NOT_VISIBLE,0.0,0.0,,
images/000696.png,NOT_VISIBLE,0.0,0.0,,
images/000697.png,NOT_VISIBLE,0.0,0.0,,
images/000698.png,NOT_VISIBLE,0.0,0.0,,
images/000699.png,NOT_VISIBLE,0.0,0.0,,
images/000700.png,NOT_VISIBLE,0.0,0.0,,
images/000701.png,NOT_VISIBLE,0.0,0.0,,
images/000702.png,NOT_VISIBLE,0.0,0.0,,
images/000703.png,NOT_VISIBLE,0.0,0.0,,
images/000704.png,NOT_VISIBLE,0.0,0.0,,
images/000705.png,NOT_VISIBLE,0.0,0.0,,
images/000706.png,NOT_VISIBLE,0.0,0.0,,
images/000707.png,NOT_VISIBLE,0.0,0.0,,
images/000708.png,NOT_VISIBLE,0.0,0.0,,
images/000709.png,NOT_VISIBLE,0.0,0.0,,
images/000710.png,NOT_VISIBLE,0.0,0.0,,
images/000711.png,NOT_VISIBLE,0.0,0.0,,
images/000712.png,NOT_VISIBLE,0.0,0.0,,
images/000713.png,NOT_VISIBLE,0.0,0.0,,
images/000714.png,NOT_VISIBLE,0.0,0.0,,
images/000715.png,NOT_VISIBLE,0.0,0.0,,
images/000716.png,NOT_VISIBLE,0.0,0.0,,
images/000717.png,NOT_VISIBLE,0.0,0.0,,
images/000718.png,NOT_VISIBLE,0.0,0.0,,
images/000719.png,NOT_VISIBLE,0.0,0.0,,
images/000720.png,NOT_VISIBLE,0.0,0.0,,
images/000721.png,NOT_VISIBLE,0.0,0.0,,
images/000722.png,NOT_VISIBLE,0.0,0.0,,
images/000723.png,NOT_VISIBLE,0.0,0.0,,
images/000724.png,NOT_VISIBLE,0.0,0.0,,
images/000725.png,NOT_VISIBLE,0.0,0.0,,
images/000726.png,NOT_VISIBLE,0.0,0.0,,
images/000727.png,NOT_VISIBLE,0.0,0.0,,
images/000728.png,NOT_VISIBLE,0.0,0.0,,
images/000729.png,NOT_VISIBLE,0.0,0.0,,
images/000730.png,NOT_VISIBLE,0.0,0.0,,
images/000731.png,NOT_VISIBLE,0.0,0.0,,
images/000732.png,NOT_VISIBLE,0.0,0.0,,
images/000733.png,NOT_VISIBLE,0.0,0.0,,
images/000734.png,NOT_VISIBLE,0.0,0.0,,
images/000735.png,NOT_VISIBLE,0.0,0.0,,
images/000736.png,NOT_VISIBLE,0.0,0.0,,
images/000737.png,NOT_VISIBLE,0.0,0.0,,
images/000738.png,NOT_VISIBLE,0.0,0.0,,
images/000739.png,NOT_VISIBLE,0.0,0.0,,
images/000740.png,NOT_VISIBLE,0.0,0.0,,
images/000741.png,NOT_VISIBLE,0.0,0.0,,
images/000742.png,NOT_VISIBLE,0.0,0.0,,
images/000743.png,NOT_VISIBLE,0.0,0.0,,
images/000744.png,NOT_VISIBLE,0.0,0.0,,
images/000745.png,NOT_VISIBLE,0.0,0.0,,
images/000746.png,NOT_VISIBLE,0.0,0.0,,
images/000747.png,NOT_VISIBLE,0.0,0.0,,
images/000748.png,NOT_VISIBLE,0.0,0.0,,
images/000749.png,NOT_VISIBLE,0.0,0.0,,
images/000750.png,NOT_VISIBLE,0.0,0.0,,
images/000751.png,NOT_VISIBLE,0.0,0.0,,
images/000752.png,NOT_VISIBLE,0.0,0.0,,
images/000753.png,NOT_VISIBLE,0.0,0.0,,
images/000754.png,NOT_VISIBLE,0.0,0.0,,
images/000755.png,NOT_VISIBLE,0.0,0.0,,
images/000756.png,NOT_VISIBLE,0.0,0.0,,
images/000757.png,NOT_VISIBLE,0.0,0.0,,
images/000758.png,NOT_VISIBLE,0.0,0.0,,
images/000759.png,NOT_VISIBLE,0.0,0.0,,
images/000760.png,NOT_VISIBLE,0.0,0.0,,
images/000761.png,NOT_VISIBLE,0.0,0.0,,
images/000762.png,NOT_VISIBLE,0.0,0.0,,
images/000763.png,NOT_VISIBLE,0.0,0.0,,
images/000764.png,NOT_VISIBLE,0.0,0.0,,
images/000765.png,NOT_VISIBLE,0.0,0.0,,
images/000766.png,NOT_VISIBLE,0.0,0.0,,
images/000767.png,NOT_VISIBLE,0.0,0.0,,
images/000768.png,NOT_VISIBLE,0.0,0.0,,
images/000769.png,NOT_VISIBLE,0.0,0.0,,
images/000770.png,NOT_VISIBLE,0.0,0.0,,
images/000771.png,NOT_VISIBLE,0.0,0.0,,
images/000772.png,NOT_VISIBLE,0.0,0.0,,
images/000773.png,NOT_VISIBLE,0.0,0.0,,
images/000774.png,NOT_VISIBLE,0.0,0.0,,
images/000775.png,NOT_VISIBLE,0.0,0.0,,
images/000776.png,NOT_VISIBLE,0.0,0.0,,
images/000777.png,NOT_VISIBLE,0.0,0.0,,
images/000778.png,NOT_VISIBLE,0.0,0.0,,
images/000779.png,NOT_VISIBLE,0.0,0.0,,
images/000780.png,NOT_VISIBLE,0.0,0.0,,
images/000781.png,NOT_VISIBLE,0.0,0.0,,
images/000782.png,NOT_VISIBLE,0.0,0.0,,
images/000783.png,NOT_VISIBLE,0.0,0.0,,
images/000784.png,NOT_VISIBLE,0.0,0.0,,
images/000785.png,NOT_VISIBLE,0.0,0.0,,
images/000786.png,NOT_VISIBLE,0.0,0.0,,
images/000787.png,NOT_VISIBLE,0.0,0.0,,
images/000788.png,NOT_VISIBLE,0.0,0.0,,
images/000789.png,NOT_VISIBLE,0.0,0.0,,
images/000790.png,NOT_VISIBLE,0.0,0.0,,
images/000791.png,NOT_VISIBLE,0.0,0.0,,
images/000792.png,NOT_VISIBLE,0.0,0.0,,
images/000793.png,NOT_VISIBLE,0.0,0.0,,
images/000794.png,NOT_VISIBLE,0.0,0.0,,
images/000795.png,NOT_VISIBLE,0.0,0.0,,
images/000796.png,NOT_VISIBLE,0.0,0.0,,
images/000797.png,NOT_VISIBLE,0.0,0.0,,
images/000798.png,NOT_VISIBLE,0.0,0.0,,
images/000799.png,NOT_VISIBLE,0.0,0.0,,
images/000800.png,NOT_VISIBLE,0.0,0.0,,
images/000801.png,NOT_VISIBLE,0.0,0.0,,
images/000802.png,NOT_VISIBLE,0.0,0.0,,
images/000803.png,NOT_VISIBLE,0.0,0.0,,
images/000804.png,NOT_VISIBLE,0.0,0.0,,
images/000805.png,NOT_VISIBLE,0.0,0.0,,
images/000806.png,NOT_VISIBLE,0.0,0.0,,
images/000807.png,NOT_VISIBLE,0.0,0.0,,
images/000808.png,NOT_VISIBLE,0.0,0.0,,
images/000809.png,NOT_VISIBLE,0.0,0.0,,
images/000810.png,NOT_VISIBLE,0.0,0.0,,
images/000811.png,NOT_VISIBLE,0.0,0.0,,
images/000812.png,NOT_VISIBLE,0.0,0.0,,
images/000813.png,NOT_VISIBLE,0.0,0.0,,
images/000814.png,NOT_VISIBLE,0.0,0.0,,
images/000815.png,NOT_VISIBLE,0.0,0.0,,
images/000816.png,NOT_VISIBLE,0.0,0.0,,
images/000817.png,NOT_VISIBLE,0.0,0.0,,
images/000818.png,NOT_VISIBLE,0.0,0.0,,
images/000819.png,NOT_VISIBLE,0.0,0.0,,
images/000820.png,NOT_VISIBLE,0.0,0.0,,
images/000821.png,NOT_VISIBLE,0.0,0.0,,
images/000822.png,NOT_VISIBLE,0.0,0.0,,
images/000823.png,NOT_VISIBLE,0.0,0.0,,
images/000824.png,NOT_VISIBLE,0.0,0.0,,
images/000825.png,NOT_VISIBLE,0.0,0.0,,
images/000826.png,NOT_VISIBLE,0.0,0.0,,
images/000827.png,NOT_VISIBLE,0.0,0.0,,
images/000828.png,NOT_VISIBLE,0.0,0.0,,
images/000829.png,NOT_VISIBLE,0.0,0.0,,
images/000830.png,NOT_VISIBLE,0.0,0.0,,
images/000831.png,NOT_VISIBLE,0.0,0.0,,
images/000832.png,NOT_VISIBLE,0.0,0.0,,
images/000833.png,NOT_VISIBLE,0.0,0.0,,
images/000834.png,NOT_VISIBLE,0.0,0.0,,
images/000835.png,NOT_VISIBLE,0.0,0.0,,
images/000836.png,NOT_VISIBLE,0.0,0.0,,
images/000837.png,NOT_VISIBLE,0.0,0.0,,
images/000838.png,NOT_VISIBLE,0.0,0.0,,
images/000839.png,NOT_VISIBLE,0.0,0.0,,
images/000840.png,NOT_VISIBLE,0.0,0.0,,
images/000841.png,NOT_VISIBLE,0.0,0.0,,
images/000842.png,NOT_VISIBLE,0.0,0.0,,
images/000843.png,NOT_VISIBLE,0.0,0.0,,
images/000844.png,NOT_VISIBLE,0.0,0.0,,
images/000845.png,NOT_VISIBLE,0.0,0.0,,
images/000846.png,NOT_VISIBLE,0.0,0.0,,
images/000847.png,NOT_VISIBLE,0.0,0.0,,
images/000848.png,NOT_VISIBLE,0.0,0.0,,
images/000849.png,NOT_VISIBLE,0.0,0.0,,
images/000850.png,NOT_VISIBLE,0.0,0.0,,
images/000851.png,NOT_VISIBLE,0.0,0.0,,
images/000852.png,NOT_VISIBLE,0.0,0.0,,
images/000853.png,NOT_VISIBLE,0.0,0.0,,
images/000854.png,NOT_VISIBLE,0.0,0.0,,
images/000855.png,NOT_VISIBLE,0.0,0.0,,
images/000856.png,NOT_VISIBLE,0.0,0.0,,
images/000857.png,NOT_VISIBLE,0.0,0.0,,
images/000858.png,NOT_VISIBLE,0.0,0.0,,
images/000859.png,NOT_VISIBLE,0.0,0.0,,
images/000860.png,NOT_VISIBLE,0.0,0.0,,
images/000861.png,NOT_VISIBLE,0.0,0.0,,
images/000862.png,NOT_VISIBLE,0.0,0.0,,
images/000863.png,NOT_VISIBLE,0.0,0.0,,
images/000864.png,NOT_VISIBLE,0.0,0.0,,
images/000865.png,NOT_VISIBLE,0.0,0.0,,
images/000866.png,NOT_VISIBLE,0.0,0.0,,
images/000867.png,NOT_VISIBLE,0.0,0.0,,
images/000868.png,NOT_VISIBLE,0.0,0.0,,
images/000869.png,NOT_VISIBLE,0.0,0.0,,
images/000870.png,NOT_VISIBLE,0.0,0.0,,
images/000871.png,NOT_VISIBLE,0.0,0.0,,
images/000872.png,NOT_VISIBLE,0.0,0.0,,
images/000873.png,NOT_VISIBLE,0.0,0.0,,
images/000874.png,NOT_VISIBLE,0.0,0.0,,
images/000875.png,NOT_VISIBLE,0.0,0.0,,
images/000876.png,NOT_VISIBLE,0.0,0.0,,
images/000877.png,NOT_VISIBLE,0.0,0.0,,
images/000878.png,NOT_VISIBLE,0.0,0.0,,
images/000879.png,NOT_VISIBLE,0.0,0.0,,
images/000880.png,NOT_VISIBLE,0.0,0.0,,
images/000881.png,NOT_VISIBLE,0.0,0.0,,
images/000882.png,NOT_VISIBLE,0.0,0.0,,
images/000883.png,NOT_VISIBLE,0.0,0.0,,
images/000884.png,NOT_VISIBLE,0.0,0.0,,
images/000885.png,NOT_VISIBLE,0.0,0.0,,
images/000886.png,NOT_VISIBLE,0.0,0.0,,
images/000887.png,NOT_VISIBLE,0.0,0.0,,
images/000888.png,NOT_VISIBLE,0.0,0.0,,
images/000889.png,NOT_VISIBLE,0.0,0.0,,
images/000890.png,NOT_VISIBLE,0.0,0.0,,
images/000891.png,NOT_VISIBLE,0.0,0.0,,
images/000892.png,NOT_VISIBLE,0.0,0.0,,
images/000893.png,NOT_VISIBLE,0.0,0.0,,
images/000894.png,NOT_VISIBLE,0.0,0.0,,
images/000895.png,NOT_VISIBLE,0.0,0.0,,
images/000896.png,NOT_VISIBLE,0.0,0.0,,
images/000897.png,NOT_VISIBLE,0.0,0.0,,
images/000898.png,NOT_VISIBLE,0.0,0.0,,
images/000899.png,NOT_VISIBLE,0.0,0.0,,
images/000900.png,NOT_VISIBLE,0.0,0.0,,
images/000901.png,NOT_VISIBLE,0.0,0.0,,
images/000902.png,NOT_VISIBLE,0.0,0.0,,
images/000903.png,NOT_VISIBLE,0.0,0.0,,
images/000904.png,NOT_VISIBLE,0.0,0.0,,
images/000905.png,NOT_VISIBLE,0.0,0.0,,
images/000906.png,NOT_VISIBLE,0.0,0.0,,
images/000907.png,NOT_VISIBLE,0.0,0.0,,
images/000908.png,NOT_VISIBLE,0.0,0.0,,
images/000909.png,NOT_VISIBLE,0.0,0.0,,
images/000910.png,NOT_VISIBLE,0.0,0.0,,
images/000911.png,NOT_VISIBLE,0.0,0.0,,
images/000912.png,NOT_VISIBLE,0.0,0.0,,
images/000913.png,NOT_VISIBLE,0.0,0.0,,
images/000914.png,NOT_VISIBLE,0.0,0.0,,
images/000915.png,NOT_VISIBLE,0.0,0.0,,
images/000916.png,NOT_VISIBLE,0.0,0.0,,
images/000917.png,NOT_VISIBLE,0.0,0.0,,
images/000918.png,NOT_VISIBLE,0.0,0.0,,
images/000919.png,NOT_VISIBLE,0.0,0.0,,
images/000920.png,NOT_VISIBLE,0.0,0.0,,
images/000921.png,NOT_VISIBLE,0.0,0.0,,
images/000922.png,NOT_VISIBLE,0.0,0.0,,
images/000923.png,NOT_VISIBLE,0.0,0.0,,
images/000924.png,NOT_VISIBLE,0.0,0.0,,
images/000925.png,NOT_VISIBLE,0.0,0.0,,
images/000926.png,NOT_VISIBLE,0.0,0.0,,
images/000927.png,NOT_VISIBLE,0.0,0.0,,
images/000928.png,NOT_VISIBLE,0.0,0.0,,
images/000929.png,NOT_VISIBLE,0.0,0.0,,
images/000930.png,NOT_VISIBLE,0.0,0.0,,
images/000931.png,NOT_VISIBLE,0.0,0.0,,
images/000932.png,NOT_VISIBLE,0.0,0.0,,
images/000933.png,NOT_VISIBLE,0.0,0.0,,
images/000934.png,NOT_VISIBLE,0.0,0.0,,
images/000935.png,NOT_VISIBLE,0.0,0.0,,
images/000936.png,NOT_VISIBLE,0.0,0.0,,
images/000937.png,NOT_VISIBLE,0.0,0.0,,
images/000938.png,NOT_VISIBLE,0.0,0.0,,
images/000939.png,NOT_VISIBLE,0.0,0.0,,
images/000940.png,NOT_VISIBLE,0.0,0.0,,
images/000941.png,NOT_VISIBLE,0.0,0.0,,
images/000942.png,NOT_VISIBLE,0.0,0.0,,
images/000943.png,NOT_VISIBLE,0.0,0.0,,
images/000944.png,NOT_VISIBLE,0.0,0.0,,
images/000945.png,NOT_VISIBLE,0.0,0.0,,
images/000946.png,NOT_VISIBLE,0.0,0.0,,
images/000947.png,NOT_VISIBLE,0.0,0.0,,
images/000948.png,NOT_VISIBLE,0.0,0.0,,
images/000949.png,NOT_VISIBLE,0.0,0.0,,
images/000950.png,NOT_VISIBLE,0.0,0.0,,
images/000951.png,NOT_VISIBLE,0.0,0.0,,
images/000952.png,NOT_VISIBLE,0.0,0.0,,
images/000953.png,NOT_VISIBLE,0.0,0.0,,
images/000954.png,NOT_VISIBLE,0.0,0.0,,
images/000955.png,NOT_VISIBLE,0.0,0.0,,
images/000956.png,NOT_VISIBLE,0.0,0.0,,
images/000957.png,NOT_VISIBLE,0.0,0.0,,
images/000958.png,NOT_VISIBLE,0.0,0.0,,
images/000959.png,NOT_VISIBLE,0.0,0.0,,
images/000960.png,NOT_VISIBLE,0.0,0.0,,
images/000961.png,NOT_VISIBLE,0.0,0.0,,
images/000962.png,NOT_VISIBLE,0.0,0.0,,
images/000963.png,NOT_VISIBLE,0.0,0.0,,
images/000964.png,NOT_VISIBLE,0.0,0.0,,
images/000965.png,NOT_VISIBLE,0.0,0.0,,
images/000966.png,NOT_VISIBLE,0.0,0.0,,
images/000967.png,NOT_VISIBLE,0.0,0.0,,
images/000968.png,NOT_VISIBLE,0.0,0.0,,
images/000969.png,NOT_VISIBLE,0.0,0.0,,
images/000970.png,NOT_VISIBLE,0.0,0.0,,
images/000971.png,NOT_VISIBLE,0.0,0.0,,
images/000972.png,NOT_VISIBLE,0.0,0.0,,
images/000973.png,NOT_VISIBLE,0.0,0.0,,
images/000974.png,NOT_VISIBLE,0.0,0.0,,
images/000975.png,NOT_VISIBLE,0.0,0.0,,
images/000976.png,NOT_VISIBLE,0.0,0.0,,
images/000977.png,NOT_VISIBLE,0.0,0.0,,
images/000978.png,NOT_VISIBLE,0.0,0.0,,
images/000979.png,NOT_VISIBLE,0.0,0.0,,
images/000980.png,NOT_VISIBLE,0.0,0.0,,
images/000981.png,NOT_VISIBLE,0.0,0.0,,
images/000982.png,NOT_VISIBLE,0.0,0.0,,
images/000983.png,NOT_VISIBLE,0.0,0.0,,
images/000984.png,NOT_VISIBLE,0.0,0.0,,
images/000985.png,NOT_VISIBLE,0.0,0.0,,
images/000986.png,NOT_VISIBLE,0.0,0.0,,
images/000987.png,NOT_VISIBLE,0.0,0.0,,
images/000988.png,NOT_VISIBLE,0.0,0.0,,
images/000989.png,NOT_VISIBLE,0.0,0.0,,
images/000990.png,NOT_VISIBLE,0.0,0.0,,
images/000991.png,NOT_VISIBLE,0.0,0.0,,
images/000992.png,NOT_VISIBLE,0.0,0.0,,
images/000993.png,NOT_VISIBLE,0.0,0.0,,
images/000994.png,NOT_VISIBLE,0.0,0.0,,
images/000995.png,NOT_VISIBLE,0.0,0.0,,
images/000996.png,NOT_VISIBLE,0.0,0.0,,
images/000997.png,NOT_VISIBLE,0.0,0.0,,
images/000998.png,NOT_VISIBLE,0.0,0.0,,
images/000999.png,NOT_VISIBLE,0.0,0.0,,
images/001000.png,NOT_VISIBLE,0.0,0.0,,
images/001001.png,NOT_VISIBLE,0.0,0.0,,
images/001002.png,NOT_VISIBLE,0.0,0.0,,
images/001003.png,NOT_VISIBLE,0.0,0.0,,
images/001004.png,NOT_VISIBLE,0.0,0.0,,
images/001005.png,NOT_VISIBLE,0.0,0.0,,
images/001006.png,NOT_VISIBLE,0.0,0.0,,
images/001007.png,NOT_VISIBLE,0.0,0.0,,
images/001008.png,NOT_VISIBLE,0.0,0.0,,
images/001009.png,NOT_VISIBLE,0.0,0.0,,
images/001010.png,NOT_VISIBLE,0.0,0.0,,
images/001011.png,NOT_VISIBLE,0.0,0.0,,
images/001012.png,NOT_VISIBLE,0.0,0.0,,
images/001013.png,NOT_VISIBLE,0.0,0.0,,
images/001014.png,NOT_VISIBLE,0.0,0.0,,
images/001015.png,NOT_VISIBLE,0.0,0.0,,
images/001016.png,NOT_VISIBLE,0.0,0.0,,
images/001017.png,NOT_VISIBLE,0.0,0.0,,
images/001018.png,NOT_VISIBLE,0.0,0.0,,
images/001019.png,NOT_VISIBLE,0.0,0.0,,
images/001020.png,NOT_VISIBLE,0.0,0.0,,
images/001021.png,NOT_VISIBLE,0.0,0.0,,
images/001022.png,NOT_VISIBLE,0.0,0.0,,
images/001023.png,NOT_VISIBLE,0.0,0.0,,
images/001024.png,NOT_VISIBLE,0.0,0.0,,
images/001025.png,NOT_VISIBLE,0.0,0.0,,
images/001026.png,NOT_VISIBLE,0.0,0.0,,
images/001027.png,NOT_VISIBLE,0.0,0.0,,
images/001028.png,NOT_VISIBLE,0.0,0.0,,
images/001029.png,NOT_VISIBLE,0.0,0.0,,
images/001030.png,NOT_VISIBLE,0.0,0.0,,
images/001031.png,NOT_VISIBLE,0.0,0.0,,
images/001032.png,NOT_VISIBLE,0.0,0.0,,
images/001033.png,NOT_VISIBLE,0.0,0.0,,
images/001034.png,NOT_VISIBLE,0.0,0.0,,
images/001035.png,NOT_VISIBLE,0.0,0.0,,
images/001036.png,NOT_VISIBLE,0.0,0.0,,
images/001037.png,NOT_VISIBLE,0.0,0.0,,
images/001038.png,NOT_VISIBLE,0.0,0.0,,
images/001039.png,NOT_VISIBLE,0.0,0.0,,
images/001040.png,NOT_VISIBLE,0.0,0.0,,
images/001041.png,NOT_VISIBLE,0.0,0.0,,
images/001042.png,NOT_VISIBLE,0.0,0.0,,
images/001043.png,NOT_VISIBLE,0.0,0.0,,
images/001044.png,NOT_VISIBLE,0.0,0.0,,
images/001045.png,NOT_VISIBLE,0.0,0.0,,
images/001046.png,NOT_VISIBLE,0.0,0.0,,
images/001047.png,NOT_VISIBLE,0.0,0.0,,
images/001048.png,NOT_VISIBLE,0.0,0.0,,
images/001049.png,NOT_VISIBLE,0.0,0.0,,
images/001050.png,NOT_VISIBLE,0.0,0.0,,
images/001051.png,NOT_VISIBLE,0.0,0.0,,
images/001052.png,NOT_VISIBLE,0.0,0.0,,
images/001053.png,NOT_VISIBLE,0.0,0.0,,
images/001054.png,NOT_VISIBLE,0.0,0.0,,
images/001055.png,NOT_VISIBLE,0.0,0.0,,
images/001056.png,NOT_VISIBLE,0.0,0.0,,
images/001057.png,NOT_VISIBLE,0.0,0.0,,
images/001058.png,NOT_VISIBLE,0.0,0.0,,
images/001059.png,NOT_VISIBLE,0.0,0.0,,
images/001060.png,NOT_VISIBLE,0.0,0.0,,
images/001061.png,NOT_VISIBLE,0.0,0.0,,
images/001062.png,NOT_VISIBLE,0.0,0.0,,
images/001063.png,NOT_VISIBLE,0.0,0.0,,
images/001064.png,NOT_VISIBLE,0.0,0.0,,
images/001065.png,NOT_VISIBLE,0.0,0.0,,
images/001066.png,NOT_VISIBLE,0.0,0.0,,
images/001067.png,NOT_VISIBLE,0.0,0.0,,
images/001068.png,NOT_VISIBLE,0.0,0.0,,
images/001069.png,NOT_VISIBLE,0.0,0.0,,
images/001070.png,NOT_VISIBLE,0.0,0.0,,
images/001071.png,NOT_VISIBLE,0.0,0.0,,
images/001072.png,NOT_VISIBLE,0.0,0.0,,
images/001073.png,NOT_VISIBLE,0.0,0.0,,
images/001074.png,NOT_VISIBLE,0.0,0.0,,
images/001075.png,NOT_VISIBLE,0.0,0.0,,
images/001076.png,NOT_VISIBLE,0.0,0.0,,
images/001077.png,NOT_VISIBLE,0.0,0.0,,
images/001078.png,NOT_VISIBLE,0.0,0.0,,
images/001079.png,NOT_VISIBLE,0.0,0.0,,
images/001080.png,NOT_VISIBLE,0.0,0.0,,
images/001081.png,NOT_VISIBLE,0.0,0.0,,
images/001082.png,NOT_VISIBLE,0.0,0.0,,
images/001083.png,NOT_VISIBLE,0.0,0.0,,
images/001084.png,NOT_VISIBLE,0.0,0.0,,
images/001085.png,NOT_VISIBLE,0.0,0.0,,
images/001086.png,NOT_VISIBLE,0.0,0.0,,
images/001087.png,NOT_VISIBLE,0.0,0.0,,
images/001088.png,NOT_VISIBLE,0.0,0.0,,
images/001089.png,NOT_VISIBLE,0.0,0.0,,
images/001090.png,NOT_VISIBLE,0.0,0.0,,
images/001091.png,NOT_VISIBLE,0.0,0.0,,
images/001092.png,NOT_VISIBLE,0.0,0.0,,
images/001093.png,NOT_VISIBLE,0.0,0.0,,
images/001094.png,NOT_VISIBLE,0.0,0.0,,
images/001095.png,NOT_VISIBLE,0.0,0.0,,
images/001096.png,NOT_VISIBLE,0.0,0.0,,
images/001097.png,NOT_VISIBLE,0.0,0.0,,
images/001098.png,NOT_VISIBLE,0.0,0.0,,
images/001099.png,NOT_VISIBLE,0.0,0.0,,
images/001100.png,NOT_VISIBLE,0.0,0.0,,
images/001101.png,NOT_VISIBLE,0.0,0.0,,
images/001102.png,NOT_VISIBLE,0.0,0.0,,
images/001103.png,NOT_VISIBLE,0.0,0.0,,
images/001104.png,NOT_VISIBLE,0.0,0.0,,
images/001105.png,NOT_VISIBLE,0.0,0.0,,
images/001106.png,NOT_VISIBLE,0.0,0.0,,
images/001107.png,NOT_VISIBLE,0.0,0.0,,
images/001108.png,NOT_VISIBLE,0.0,0.0,,
images/001109.png,NOT_VISIBLE,0.0,0.0,,
images/001110.png,NOT_VISIBLE,0.0,0.0,,
images/001111.png,NOT_VISIBLE,0.0,0.0,,
images/001112.png,NOT_VISIBLE,0.0,0.0,,
images/001113.png,NOT_VISIBLE,0.0,0.0,,
images/001114.png,NOT_VISIBLE,0.0,0.0,,
images/001115.png,NOT_VISIBLE,0.0,0.0,,
images/001116.png,NOT_VISIBLE,0.0,0.0,,
images/001117.png,NOT_VISIBLE,0.0,0.0,,
images/001118.png,NOT_VISIBLE,0.0,0.0,,
images/001119.png,NOT_VISIBLE,0.0,0.0,,
images/001120.png,NOT_VISIBLE,0.0,0.0,,
images/001121.png,NOT_VISIBLE,0.0,0.0,,
images/001122.png,NOT_VISIBLE,0.0,0.0,,
images/001123.png,NOT_VISIBLE,0.0,0.0,,
images/001124.png,NOT_VISIBLE,0.0,0.0,,
images/001125.png,NOT_VISIBLE,0.0,0.0,,
images/001126.png,NOT_VISIBLE,0.0,0.0,,
images/001127.png,NOT_VISIBLE,0.0,0.0,,
images/001128.png,NOT_VISIBLE,0.0,0.0,,
images/001129.png,NOT_VISIBLE,0.0,0.0,,
images/001130.png,NOT_VISIBLE,0.0,0.0,,
images/001131.png,NOT_VISIBLE,0.0,0.0,,
images/001132.png,NOT_VISIBLE,0.0,0.0,,
images/001133.png,NOT_VISIBLE,0.0,0.0,,
images/001134.png,NOT_VISIBLE,0.0,0.0,,
images/001135.png,NOT_VISIBLE,0.0,0.0,,
images/001136.png,NOT_VISIBLE,0.0,0.0,,
images/001137.png,NOT_VISIBLE,0.0,0.0,,
images/001138.png,NOT_VISIBLE,0.0,0.0,,
images/001139.png,NOT_VISIBLE,0.0,0.0,,
images/001140.png,NOT_VISIBLE,0.0,0.0,,
images/001141.png,NOT_VISIBLE,0.0,0.0,,
images/001142.png,NOT_VISIBLE,0.0,0.0,,
images/001143.png,NOT_VISIBLE,0.0,0.0,,
images/001144.png,NOT_VISIBLE,0.0,0.0,,
images/001145.png,NOT_VISIBLE,0.0,0.0,,
images/001146.png,NOT_VISIBLE,0.0,0.0,,
images/001147.png,NOT_VISIBLE,0.0,0.0,,
images/001148.png,NOT_VISIBLE,0.0,0.0,,
images/001149.png,NOT_VISIBLE,0.0,0.0,,
images/001150.png,NOT_VISIBLE,0.0,0.0,,
images/001151.png,NOT_VISIBLE,0.0,0.0,,
images/001152.png,NOT_VISIBLE,0.0,0.0,,
images/001153.png,NOT_VISIBLE,0.0,0.0,,
images/001154.png,NOT_VISIBLE,0.0,0.0,,
images/001155.png,NOT_VISIBLE,0.0,0.0,,
images/001156.png,NOT_VISIBLE,0.0,0.0,,
images/001157.png,NOT_VISIBLE,0.0,0.0,,
images/001158.png,NOT_VISIBLE,0.0,0.0,,
images/001159.png,NOT_VISIBLE,0.0,0.0,,
images/001160.png,NOT_VISIBLE,0.0,0.0,,
images/001161.png,NOT_VISIBLE,0.0,0.0,,
images/001162.png,NOT_VISIBLE,0.0,0.0,,
images/001163.png,NOT_VISIBLE,0.0,0.0,,
images/001164.png,NOT_VISIBLE,0.0,0.0,,
images/001165.png,NOT_VISIBLE,0.0,0.0,,
images/001166.png,NOT_VISIBLE,0.0,0.0,,
images/001167.png,NOT_VISIBLE,0.0,0.0,,
images/001168.png,NOT_VISIBLE,0.0,0.0,,
images/001169.png,NOT_VISIBLE,0.0,0.0,,
images/001170.png,NOT_VISIBLE,0.0,0.0,,
images/001171.png,NOT_VISIBLE,0.0,0.0,,
images/001172.png,NOT_VISIBLE,0.0,0.0,,
images/001173.png,NOT_VISIBLE,0.0,0.0,,
images/001174.png,NOT_VISIBLE,0.0,0.0,,
images/001175.png,NOT_VISIBLE,0.0,0.0,,
images/001176.png,NOT_VISIBLE,0.0,0.0,,
images/001177.png,NOT_VISIBLE,0.0,0.0,,
images/001178.png,NOT_VISIBLE,0.0,0.0,,
images/001179.png,NOT_VISIBLE,0.0,0.0,,
images/001180.png,NOT_VISIBLE,0.0,0.0,,
images/001181.png,NOT_VISIBLE,0.0,0.0,,
images/001182.png,NOT_VISIBLE,0.0,0.0,,
images/001183.png,NOT_VISIBLE,0.0,0.0,,
images/001184.png,NOT_VISIBLE,0.0,0.0,,
images/001185.png,NOT_VISIBLE,0.0,0.0,,
images/001186.png,NOT_VISIBLE,0.0,0.0,,
images/001187.png,NOT_VISIBLE,0.0,0.0,,
images/001188.png,NOT_VISIBLE,0.0,0.0,,
images/001189.png,NOT_VISIBLE,0.0,0.0,,
images/001190.png,NOT_VISIBLE,0.0,0.0,,
images/001191.png,NOT_VISIBLE,0.0,0.0,,
images/001192.png,NOT_VISIBLE,0.0,0.0,,
images/001193.png,NOT_VISIBLE,0.0,0.0,,
images/001194.png,NOT_VISIBLE,0.0,0.0,,
images/001195.png,NOT_VISIBLE,0.0,0.0,,
images/001196.png,NOT_VISIBLE,0.0,0.0,,
images/001197.png,NOT_VISIBLE,0.0,0.0,,
images/001198.png,NOT_VISIBLE,0.0,0.0,,
images/001199.png,NOT_VISIBLE,0.0,0.0,,
images/001200.png,NOT_VISIBLE,0.0,0.0,,
images/001201.png,NOT_VISIBLE,0.0,0.0,,
images/001202.png,NOT_VISIBLE,0.0,0.0,,
images/001203.png,NOT_VISIBLE,0.0,0.0,,
images/001204.png,NOT_VISIBLE,0.0,0.0,,
images/001205.png,NOT_VISIBLE,0.0,0.0,,
images/001206.png,NOT_VISIBLE,0.0,0.0,,
images/001207.png,NOT_VISIBLE,0.0,0.0,,
images/001208.png,NOT_VISIBLE,0.0,0.0,,
images/001209.png,NOT_VISIBLE,0.0,0.0,,
images/001210.png,NOT_VISIBLE,0.0,0.0,,
images/001211.png,NOT_VISIBLE,0.0,0.0,,
images/001212.png,NOT_VISIBLE,0.0,0.0,,
images/001213.png,NOT_VISIBLE,0.0,0.0,,
images/001214.png,NOT_VISIBLE,0.0,0.0,,
images/001215.png,NOT_VISIBLE,0.0,0.0,,
images/001216.png,NOT_VISIBLE,0.0,0.0,,
images/001217.png,NOT_VISIBLE,0.0,0.0,,
images/001218.png,NOT_VISIBLE,0.0,0.0,,
images/001219.png,NOT_VISIBLE,0.0,0.0,,
images/001220.png,NOT_VISIBLE,0.0,0.0,,
images/001221.png,NOT_VISIBLE,0.0,0.0,,
images/001222.png,NOT_VISIBLE,0.0,0.0,,
images/001223.png,NOT_VISIBLE,0.0,0.0,,
images/001224.png,NOT_VISIBLE,0.0,0.0,,
images/001225.png,NOT_VISIBLE,0.0,0.0,,
images/001226.png,NOT_VISIBLE,0.0,0.0,,
images/001227.png,NOT_VISIBLE,0.0,0.0,,
images/001228.png,NOT_VISIBLE,0.0,0.0,,
images/001229.png,NOT_VISIBLE,0.0,0.0,,
images/001230.png,NOT_VISIBLE,0.0,0.0,,
images/001231.png,NOT_VISIBLE,0.0,0.0,,
images/001232.png,NOT_VISIBLE,0.0,0.0,,
images/001233.png,NOT_VISIBLE,0.0,0.0,,
images/001234.png,NOT_VISIBLE,0.0,0.0,,
images/001235.png,NOT_VISIBLE,0.0,0.0,,
images/001236.png,NOT_VISIBLE,0.0,0.0,,
images/001237.png,NOT_VISIBLE,0.0,0.0,,
images/001238.png,NOT_VISIBLE,0.0,0.0,,
images/001239.png,NOT_VISIBLE,0.0,0.0,,
images/001240.png,NOT_VISIBLE,0.0,0.0,,
images/001241.png,NOT_VISIBLE,0.0,0.0,,
images/001242.png,NOT_VISIBLE,0.0,0.0,,
images/001243.png,NOT_VISIBLE,0.0,0.0,,
images/001244.png,NOT_VISIBLE,0.0,0.0,,
images/001245.png,NOT_VISIBLE,0.0,0.0,,
images/001246.png,NOT_VISIBLE,0.0,0.0,,
images/001247.png,NOT_VISIBLE,0.0,0.0,,
images/001248.png,NOT_VISIBLE,0.0,0.0,,
images/001249.png,NOT_VISIBLE,0.0,0.0,,
images/001250.png,NOT_VISIBLE,0.0,0.0,,
images/001251.png,NOT_VISIBLE,0.0,0.0,,
images/001252.png,NOT_VISIBLE,0.0,0.0,,
images/001253.png,NOT_VISIBLE,0.0,0.0,,
images/001254.png,NOT_VISIBLE,0.0,0.0,,
images/001255.png,NOT_VISIBLE,0.0,0.0,,
images/001256.png,NOT_VISIBLE,0.0,0.0,,
images/001257.png,NOT_VISIBLE,0.0,0.0,,
images/001258.png,NOT_VISIBLE,0.0,0.0,,
images/001259.png,NOT_VISIBLE,0.0,0.0,,
images/001260.png,NOT_VISIBLE,0.0,0.0,,
images/001261.png,NOT_VISIBLE,0.0,0.0,,
images/001262.png,NOT_VISIBLE,0.0,0.0,,
images/001263.png,NOT_VISIBLE,0.0,0.0,,
images/001264.png,NOT_VISIBLE,0.0,0.0,,
images/001265.png,NOT_VISIBLE,0.0,0.0,,
images/001266.png,NOT_VISIBLE,0.0,0.0,,
images/001267.png,NOT_VISIBLE,0.0,0.0,,
images/001268.png,NOT_VISIBLE,0.0,0.0,,
images/001269.png,NOT_VISIBLE,0.0,0.0,,
images/001270.png,NOT_VISIBLE,0.0,0.0,,
images/001271.png,NOT_VISIBLE,0.0,0.0,,
images/001272.png,NOT_VISIBLE,0.0,0.0,,
images/001273.png,NOT_VISIBLE,0.0,0.0,,
images/001274.png,NOT_VISIBLE,0.0,0.0,,
images/001275.png,NOT_VISIBLE,0.0,0.0,,
images/001276.png,NOT_VISIBLE,0.0,0.0,,
images/001277.png,NOT_VISIBLE,0.0,0.0,,
images/001278.png,NOT_VISIBLE,0.0,0.0,,
images/001279.png,NOT_VISIBLE,0.0,0.0,,
images/001280.png,NOT_VISIBLE,0.0,0.0,,
images/001281.png,NOT_VISIBLE,0.0,0.0,,
images/001282.png,NOT_VISIBLE,0.0,0.0,,
images/001283.png,NOT_VISIBLE,0.0,0.0,,
images/001284.png,NOT_VISIBLE,0.0,0.0,,
images/001285.png,NOT_VISIBLE,0.0,0.0,,
images/001286.png,NOT_VISIBLE,0.0,0.0,,
images/001287.png,NOT_VISIBLE,0.0,0.0,,
images/001288.png,NOT_VISIBLE,0.0,0.0,,
images/001289.png,NOT_VISIBLE,0.0,0.0,,
images/001290.png,NOT_VISIBLE,0.0,0.0,,
images/001291.png,NOT_VISIBLE,0.0,0.0,,
images/001292.png,NOT_VISIBLE,0.0,0.0,,
images/001293.png,NOT_VISIBLE,0.0,0.0,,
images/001294.png,NOT_VISIBLE,0.0,0.0,,
images/001295.png,NOT_VISIBLE,0.0,0.0,,
images/001296.png,NOT_VISIBLE,0.0,0.0,,
images/001297.png,NOT_VISIBLE,0.0,0.0,,
images/001298.png,NOT_VISIBLE,0.0,0.0,,
images/001299.png,NOT_VISIBLE,0.0,0.0,,
images/001300.png,NOT_VISIBLE,0.0,0.0,,
images/001301.png,NOT_VISIBLE,0.0,0.0,,
images/001302.png,NOT_VISIBLE,0.0,0.0,,
images/001303.png,NOT_VISIBLE,0.0,0.0,,
images/001304.png,NOT_VISIBLE,0.0,0.0,,
images/001305.png,NOT_VISIBLE,0.0,0.0,,
images/001306.png,NOT_VISIBLE,0.0,0.0,,
images/001307.png,NOT_VISIBLE,0.0,0.0,,
images/001308.png,NOT_VISIBLE,0.0,0.0,,
images/001309.png,NOT_VISIBLE,0.0,0.0,,
images/001310.png,NOT_VISIBLE,0.0,0.0,,
images/001311.png,NOT_VISIBLE,0.0,0.0,,
images/001312.png,NOT_VISIBLE,0.0,0.0,,
images/001313.png,NOT_VISIBLE,0.0,0.0,,
images/001314.png,NOT_VISIBLE,0.0,0.0,,
images/001315.png,NOT_VISIBLE,0.0,0.0,,
images/001316.png,NOT_VISIBLE,0.0,0.0,,
images/001317.png,NOT_VISIBLE,0.0,0.0,,
images/001318.png,NOT_VISIBLE,0.0,0.0,,
images/001319.png,NOT_VISIBLE,0.0,0.0,,
images/001320.png,NOT_VISIBLE,0.0,0.0,,
images/001321.png,NOT_VISIBLE,0.0,0.0,,
images/001322.png,NOT_VISIBLE,0.0,0.0,,
images/001323.png,NOT_VISIBLE,0.0,0.0,,
images/001324.png,NOT_VISIBLE,0.0,0.0,,
images/001325.png,NOT_VISIBLE,0.0,0.0,,
images/001326.png,NOT_VISIBLE,0.0,0.0,,
images/001327.png,NOT_VISIBLE,0.0,0.0,,
images/001328.png,NOT_VISIBLE,0.0,0.0,,
images/001329.png,NOT_VISIBLE,0.0,0.0,,
images/001330.png,NOT_VISIBLE,0.0,0.0,,
images/001331.png,NOT_VISIBLE,0.0,0.0,,
images/001332.png,NOT_VISIBLE,0.0,0.0,,
images/001333.png,NOT_VISIBLE,0.0,0.0,,
images/001334.png,NOT_VISIBLE,0.0,0.0,,
images/001335.png,NOT_VISIBLE,0.0,0.0,,
images/001336.png,NOT_VISIBLE,0.0,0.0,,
images/001337.png,NOT_VISIBLE,0.0,0.0,,
images/001338.png,NOT_VISIBLE,0.0,0.0,,
images/001339.png,NOT_VISIBLE,0.0,0.0,,
images/001340.png,NOT_VISIBLE,0.0,0.0,,
images/001341.png,NOT_VISIBLE,0.0,0.0,,
images/001342.png,NOT_VISIBLE,0.0,0.0,,
images/001343.png,NOT_VISIBLE,0.0,0.0,,
images/001344.png,NOT_VISIBLE,0.0,0.0,,
images/001345.png,NOT_VISIBLE,0.0,0.0,,
images/001346.png,NOT_VISIBLE,0.0,0.0,,
images/001347.png,NOT_VISIBLE,0.0,0.0,,
images/001348.png,NOT_VISIBLE,0.0,0.0,,
images/001349.png,NOT_VISIBLE,0.0,0.0,,
images/001350.png,NOT_VISIBLE,0.0,0.0,,
images/001351.png,NOT_VISIBLE,0.0,0.0,,
images/001352.png,NOT_VISIBLE,0.0,0.0,,
images/001353.png,NOT_VISIBLE,0.0,0.0,,
images/001354.png,NOT_VISIBLE,0.0,0.0,,
images/001355.png,NOT_VISIBLE,0.0,0.0,,
images/001356.png,NOT_VISIBLE,0.0,0.0,,
images/001357.png,NOT_VISIBLE,0.0,0.0,,
images/001358.png,NOT_VISIBLE,0.0,0.0,,
images/001359.png,NOT_VISIBLE,0.0,0.0,,
images/001360.png,NOT_VISIBLE,0.0,0.0,,
images/001361.png,NOT_VISIBLE,0.0,0.0,,
images/001362.png,NOT_VISIBLE,0.0,0.0,,
images/001363.png,NOT_VISIBLE,0.0,0.0,,
images/001364.png,NOT_VISIBLE,0.0,0.0,,
images/001365.png,NOT_VISIBLE,0.0,0.0,,
images/001366.png,NOT_VISIBLE,0.0,0.0,,
images/001367.png,NOT_VISIBLE,0.0,0.0,,
images/001368.png,NOT_VISIBLE,0.0,0.0,,
images/001369.png,NOT_VISIBLE,0.0,0.0,,
images/001370.png,NOT_VISIBLE,0.0,0.0,,
images/001371.png,NOT_VISIBLE,0.0,0.0,,
images/001372.png,NOT_VISIBLE,0.0,0.0,,
images/001373.png,NOT_VISIBLE,0.0,0.0,,
images/001374.png,NOT_VISIBLE,0.0,0.0,,
images/001375.png,NOT_VISIBLE,0.0,0.0,,
images/001376.png,NOT_VISIBLE,0.0,0.0,,
images/001377.png,NOT_VISIBLE,0.0,0.0,,
images/001378.png,NOT_VISIBLE,0.0,0.0,,
images/001379.png,NOT_VISIBLE,0.0,0.0,,
images/001380.png,NOT_VISIBLE,0.0,0.0,,
images/001381.png,NOT_VISIBLE,0.0,0.0,,
images/001382.png,NOT_VISIBLE,0.0,0.0,,
images/001383.png,NOT_VISIBLE,0.0,0.0,,
images/001384.png,NOT_VISIBLE,0.0,0.0,,
images/001385.png,NOT_VISIBLE,0.0,0.0,,
images/001386.png,NOT_VISIBLE,0.0,0.0,,
images/001387.png,NOT_VISIBLE,0.0,0.0,,
images/001388.png,NOT_VISIBLE,0.0,0.0,,
images/001389.png,NOT_VISIBLE,0.0,0.0,,
images/001390.png,NOT_VISIBLE,0.0,0.0,,
images/001391.png,NOT_VISIBLE,0.0,0.0,,
images/001392.png,NOT_VISIBLE,0.0,0.0,,
images/001393.png,NOT_VISIBLE,0.0,0.0,,
images/001394.png,NOT_VISIBLE,0.0,0.0,,
images/001395.png,NOT_VISIBLE,0.0,0.0,,
images/001396.png,NOT_VISIBLE,0.0,0.0,,
images/001397.png,NOT_VISIBLE,0.0,0.0,,
images/001398.png,NOT_VISIBLE,0.0,0.0,,
images/001399.png,NOT_VISIBLE,0.0,0.0,,
images/001400.png,NOT_VISIBLE,0.0,0.0,,
images/001401.png,NOT_VISIBLE,0.0,0.0,,
images/001402.png,NOT_VISIBLE,0.0,0.0,,
images/001403.png,NOT_VISIBLE,0.0,0.0,,
images/001404.png,NOT_VISIBLE,0.0,0.0,,
images/001405.png,NOT_VISIBLE,0.0,0.0,,
images/001406.png,NOT_VISIBLE,0.0,0.0,,
images/001407.png,NOT_VISIBLE,0.0,0.0,,
images/001408.png,NOT_VISIBLE,0.0,0.0,,
images/001409.png,NOT_VISIBLE,0.0,0.0,,
images/001410.png,NOT_VISIBLE,0.0,0.0,,
images/001411.png,NOT_VISIBLE,0.0,0.0,,
images/001412.png,NOT_VISIBLE,0.0,0.0,,
images/001413.png,NOT_VISIBLE,0.0,0.0,,
images/001414.png,NOT_VISIBLE,0.0,0.0,,
images/001415.png,NOT_VISIBLE,0.0,0.0,,
images/001416.png,NOT_VISIBLE,0.0,0.0,,
images/001417.png,NOT_VISIBLE,0.0,0.0,,
images/001418.png,NOT_VISIBLE,0.0,0.0,,
images/001419.png,NOT_VISIBLE,0.0,0.0,,
images/001420.png,NOT_VISIBLE,0.0,0.0,,
images/001421.png,NOT_VISIBLE,0.0,0.0,,
images/001422.png,NOT_VISIBLE,0.0,0.0,,
images/001423.png,NOT_VISIBLE,0.0,0.0,,
images/001424.png,NOT_VISIBLE,0.0,0.0,,
images/001425.png,NOT_VISIBLE,0.0,0.0,,
images/001426.png,NOT_VISIBLE,0.0,0.0,,
images/001427.png,NOT_VISIBLE,0.0,0.0,,
images/001428.png,NOT_VISIBLE,0.0,0.0,,
images/001429.png,NOT_VISIBLE,0.0,0.0,,
images/001430.png,NOT_VISIBLE,0.0,0.0,,
images/001431.png,NOT_VISIBLE,0.0,0.0,,
images/001432.png,NOT_VISIBLE,0.0,0.0,,
images/001433.png,NOT_VISIBLE,0.0,0.0,,
images/001434.png,NOT_VISIBLE,0.0,0.0,,
images/001435.png,NOT_VISIBLE,0.0,0.0,,
images/001436.png,NOT_VISIBLE,0.0,0.0,,
images/001437.png,NOT_VISIBLE,0.0,0.0,,
images/001438.png,NOT_VISIBLE,0.0,0.0,,
images/001439.png,NOT_VISIBLE,0.0,0.0,,
images/001440.png,NOT_VISIBLE,0.0,0.0,,
images/001441.png,NOT_VISIBLE,0.0,0.0,,
images/001442.png,NOT_VISIBLE,0.0,0.0,,
images/001443.png,NOT_VISIBLE,0.0,0.0,,
images/001444.png,NOT_VISIBLE,0.0,0.0,,
images/001445.png,NOT_VISIBLE,0.0,0.0,,
images/001446.png,NOT_VISIBLE,0.0,0.0,,
images/001447.png,NOT_VISIBLE,0.0,0.0,,
images/001448.png,NOT_VISIBLE,0.0,0.0,,
images/001449.png,NOT_VISIBLE,0.0,0.0,,
images/001450.png,NOT_VISIBLE,0.0,0.0,,
images/001451.png,NOT_VISIBLE,0.0,0.0,,
images/001452.png,NOT_VISIBLE,0.0,0.0,,
images/001453.png,NOT_VISIBLE,0.0,0.0,,
images/001454.png,NOT_VISIBLE,0.0,0.0,,
images/001455.png,NOT_VISIBLE,0.0,0.0,,
images/001456.png,NOT_VISIBLE,0.0,0.0,,
images/001457.png,NOT_VISIBLE,0.0,0.0,,
images/001458.png,NOT_VISIBLE,0.0,0.0,,
images/001459.png,NOT_VISIBLE,0.0,0.0,,
images/001460.png,NOT_VISIBLE,0.0,0.0,,
images/001461.png,NOT_VISIBLE,0.0,0.0,,
images/001462.png,NOT_VISIBLE,0.0,0.0,,
images/001463.png,NOT_VISIBLE,0.0,0.0,,
images/001464.png,NOT_VISIBLE,0.0,0.0,,
images/001465.png,NOT_VISIBLE,0.0,0.0,,
images/001466.png,NOT_VISIBLE,0.0,0.0,,
images/001467.png,NOT_VISIBLE,0.0,0.0,,
images/001468.png,NOT_VISIBLE,0.0,0.0,,
images/001469.png,NOT_VISIBLE,0.0,0.0,,
images/001470.png,NOT_VISIBLE,0.0,0.0,,
images/001471.png,NOT_VISIBLE,0.0,0.0,,
images/001472.png,NOT_VISIBLE,0.0,0.0,,
images/001473.png,NOT_VISIBLE,0.0,0.0,,
images/001474.png,NOT_VISIBLE,0.0,0.0,,
images/001475.png,NOT_VISIBLE,0.0,0.0,,
images/001476.png,NOT_VISIBLE,0.0,0.0,,
images/001477.png,NOT_VISIBLE,0.0,0.0,,
images/001478.png,NOT_VISIBLE,0.0,0.0,,
images/001479.png,NOT_VISIBLE,0.0,0.0,,
images/001480.png,NOT_VISIBLE,0.0,0.0,,
images/001481.png,NOT_VISIBLE,0.0,0.0,,
images/001482.png,NOT_VISIBLE,0.0,0.0,,
images/001483.png,NOT_VISIBLE,0.0,0.0,,
images/001484.png,NOT_VISIBLE,0.0,0.0,,
images/001485.png,NOT_VISIBLE,0.0,0.0,,
images/001486.png,NOT_VISIBLE,0.0,0.0,,
images/001487.png,NOT_VISIBLE,0.0,0.0,,
images/001488.png,NOT_VISIBLE,0.0,0.0,,
images/001489.png,NOT_VISIBLE,0.0,0.0,,
images/001490.png,NOT_VISIBLE,0.0,0.0,,
images/001491.png,NOT_VISIBLE,0.0,0.0,,
images/001492.png,NOT_VISIBLE,0.0,0.0,,
images/001493.png,NOT_VISIBLE,0.0,0.0,,
images/001494.png,NOT_VISIBLE,0.0,0.0,,
images/001495.png,NOT_VISIBLE,0.0,0.0,,
images/001496.png,NOT_VISIBLE,0.0,0.0,,
images/001497.png,NOT_VISIBLE,0.0,0.0,,
images/001498.png,NOT_VISIBLE,0.0,0.0,,
images/001499.png,NOT_VISIBLE,0.0,0.0,,
images/001500.png,NOT_VISIBLE,0.0,0.0,,
images/001501.png,NOT_VISIBLE,0.0,0.0,,
images/001502.png,NOT_VISIBLE,0.0,0.0,,
images/001503.png,NOT_VISIBLE,0.0,0.0,,
images/001504.png,NOT_VISIBLE,0.0,0.0,,
images/001505.png,NOT_VISIBLE,0.0,0.0,,
images/001506.png,NOT_VISIBLE,0.0,0.0,,
images/001507.png,NOT_VISIBLE,0.0,0.0,,
images/001508.png,NOT_VISIBLE,0.0,0.0,,
images/001509.png,NOT_VISIBLE,0.0,0.0,,
images/001510.png,NOT_VISIBLE,0.0,0.0,,
images/001511.png,NOT_VISIBLE,0.0,0.0,,
images/001512.png,NOT_VISIBLE,0.0,0.0,,
images/001513.png,NOT_VISIBLE,0.0,0.0,,
images/001514.png,NOT_VISIBLE,0.0,0.0,,
images/001515.png,NOT_VISIBLE,0.0,0.0,,
images/001516.png,NOT_VISIBLE,0.0,0.0,,
images/001517.png,NOT_VISIBLE,0.0,0.0,,
images/001518.png,NOT_VISIBLE,0.0,0.0,,
images/001519.png,NOT_VISIBLE,0.0,0.0,,
images/001520.png,NOT_VISIBLE,0.0,0.0,,
images/001521.png,NOT_VISIBLE,0.0,0.0,,
images/001522.png,NOT_VISIBLE,0.0,0.0,,
images/001523.png,NOT_VISIBLE,0.0,0.0,,
images/001524.png,NOT_VISIBLE,0.0,0.0,,
images/001525.png,NOT_VISIBLE,0.0,0.0,,
images/001526.png,NOT_VISIBLE,0.0,0.0,,
images/001527.png,NOT_VISIBLE,0.0,0.0,,
images/001528.png,NOT_VISIBLE,0.0,0.0,,
images/001529.png,NOT_VISIBLE,0.0,0.0,,
images/001530.png,NOT_VISIBLE,0.0,0.0,,
images/001531.png,NOT_VISIBLE,0.0,0.0,,
images/001532.png,NOT_VISIBLE,0.0,0.0,,
images/001533.png,NOT_VISIBLE,0.0,0.0,,
images/001534.png,NOT_VISIBLE,0.0,0.0,,
images/001535.png,NOT_VISIBLE,0.0,0.0,,
images/001536.png,NOT_VISIBLE,0.0,0.0,,
images/001537.png,NOT_VISIBLE,0.0,0.0,,
images/001538.png,NOT_VISIBLE,0.0,0.0,,
images/001539.png,NOT_VISIBLE,0.0,0.0,,
images/001540.png,NOT_VISIBLE,0.0,0.0,,
images/001541.png,NOT_VISIBLE,0.0,0.0,,
images/001542.png,NOT_VISIBLE,0.0,0.0,,
images/001543.png,NOT_VISIBLE,0.0,0.0,,
images/001544.png,NOT_VISIBLE,0.0,0.0,,
images/001545.png,NOT_VISIBLE,0.0,0.0,,
images/001546.png,NOT_VISIBLE,0.0,0.0,,
images/001547.png,NOT_VISIBLE,0.0,0.0,,
images/001548.png,NOT_VISIBLE,0.0,0.0,,
images/001549.png,NOT_VISIBLE,0.0,0.0,,
images/001550.png,NOT_VISIBLE,0.0,0.0,,
images/001551.png,NOT_VISIBLE,0.0,0.0,,
images/001552.png,NOT_VISIBLE,0.0,0.0,,
images/001553.png,NOT_VISIBLE,0.0,0.0,,
images/001554.png,NOT_VISIBLE,0.0,0.0,,
images/001555.png,NOT_VISIBLE,0.0,0.0,,
images/001556.png,NOT_VISIBLE,0.0,0.0,,
images/001557.png,NOT_VISIBLE,0.0,0.0,,
images/001558.png,NOT_VISIBLE,0.0,0.0,,
images/001559.png,NOT_VISIBLE,0.0,0.0,,
images/001560.png,NOT_VISIBLE,0.0,0.0,,
images/001561.png,NOT_VISIBLE,0.0,0.0,,
images/001562.png,NOT_VISIBLE,0.0,0.0,,
images/001563.png,NOT_VISIBLE,0.0,0.0,,
images/001564.png,NOT_VISIBLE,0.0,0.0,,
images/001565.png,NOT_VISIBLE,0.0,0.0,,
images/001566.png,NOT_VISIBLE,0.0,0.0,,
images/001567.png,NOT_VISIBLE,0.0,0.0,,
images/001568.png,NOT_VISIBLE,0.0,0.0,,
images/001569.png,NOT_VISIBLE,0.0,0.0,,
images/001570.png,NOT_VISIBLE,0.0,0.0,,
images/001571.png,NOT_VISIBLE,0.0,0.0,,
images/001572.png,NOT_VISIBLE,0.0,0.0,,
images/001573.png,NOT_VISIBLE,0.0,0.0,,
images/001574.png,NOT_VISIBLE,0.0,0.0,,
images/001575.png,NOT_VISIBLE,0.0,0.0,,
images/001576.png,NOT_VISIBLE,0.0,0.0,,
images/001577.png,NOT_VISIBLE,0.0,0.0,,
images/001578.png,NOT_VISIBLE,0.0,0.0,,
images/001579.png,NOT_VISIBLE,0.0,0.0,,
images/001580.png,NOT_VISIBLE,0.0,0.0,,
images/001581.png,NOT_VISIBLE,0.0,0.0,,
images/001582.png,NOT_VISIBLE,0.0,0.0,,
images/001583.png,NOT_VISIBLE,0.0,0.0,,
images/001584.png,NOT_VISIBLE,0.0,0.0,,
images/001585.png,NOT_VISIBLE,0.0,0.0,,
images/001586.png,NOT_VISIBLE,0.0,0.0,,
images/001587.png,NOT_VISIBLE,0.0,0.0,,
images/001588.png,NOT_VISIBLE,0.0,0.0,,
images/001589.png,NOT_VISIBLE,0.0,0.0,,
images/001590.png,NOT_VISIBLE,0.0,0.0,,
images/001591.png,NOT_VISIBLE,0.0,0.0,,
images/001592.png,NOT_VISIBLE,0.0,0.0,,
images/001593.png,NOT_VISIBLE,0.0,0.0,,
images/001594.png,NOT_VISIBLE,0.0,0.0,,
images/001595.png,NOT_VISIBLE,0.0,0.0,,
images/001596.png,NOT_VISIBLE,0.0,0.0,,
images/001597.png,NOT_VISIBLE,0.0,0.0,,
images/001598.png,NOT_VISIBLE,0.0,0.0,,
images/001599.png,NOT_VISIBLE,0.0,0.0,,
images/001600.png,NOT_VISIBLE,0.0,0.0,,
images/001601.png,NOT_VISIBLE,0.0,0.0,,
images/001602.png,NOT_VISIBLE,0.0,0.0,,
images/001603.png,NOT_VISIBLE,0.0,0.0,,
images/001604.png,NOT_VISIBLE,0.0,0.0,,
images/001605.png,NOT_VISIBLE,0.0,0.0,,
images/001606.png,NOT_VISIBLE,0.0,0.0,,
images/001607.png,NOT_VISIBLE,0.0,0.0,,
images/001608.png,NOT_VISIBLE,0.0,0.0,,
images/001609.png,NOT_VISIBLE,0.0,0.0,,
images/001610.png,NOT_VISIBLE,0.0,0.0,,
images/001611.png,NOT_VISIBLE,0.0,0.0,,
images/001612.png,NOT_VISIBLE,0.0,0.0,,
images/001613.png,NOT_VISIBLE,0.0,0.0,,
images/001614.png,NOT_VISIBLE,0.0,0.0,,
images/001615.png,NOT_VISIBLE,0.0,0.0,,
images/001616.png,NOT_VISIBLE,0.0,0.0,,
images/001617.png,NOT_VISIBLE,0.0,0.0,,
images/001618.png,NOT_VISIBLE,0.0,0.0,,
images/001619.png,NOT_VISIBLE,0.0,0.0,,
images/001620.png,NOT_VISIBLE,0.0,0.0,,
images/001621.png,NOT_VISIBLE,0.0,0.0,,
images/001622.png,NOT_VISIBLE,0.0,0.0,,
images/001623.png,NOT_VISIBLE,0.0,0.0,,
images/001624.png,NOT_VISIBLE,0.0,0.0,,
images/001625.png,NOT_VISIBLE,0.0,0.0,,
images/001626.png,NOT_VISIBLE,0.0,0.0,,
images/001627.png,NOT_VISIBLE,0.0,0.0,,
images/001628.png,NOT_VISIBLE,0.0,0.0,,
images/001629.png,NOT_VISIBLE,0.0,0.0,,
images/001630.png,NOT_VISIBLE,0.0,0.0,,
images/001631.png,NOT_VISIBLE,0.0,0.0,,
images/001632.png,NOT_VISIBLE,0.0,0.0,,
images/001633.png,NOT_VISIBLE,0.0,0.0,,
images/001634.png,NOT_VISIBLE,0.0,0.0,,
images/001635.png,NOT_VISIBLE,0.0,0.0,,
images/001636.png,NOT_VISIBLE,0.0,0.0,,
images/001637.png,NOT_VISIBLE,0.0,0.0,,
images/001638.png,NOT_VISIBLE,0.0,0.0,,
images/001639.png,NOT_VISIBLE,0.0,0.0,,
images/001640.png,NOT_VISIBLE,0.0,0.0,,
images/001641.png,NOT_VISIBLE,0.0,0.0,,
images/001642.png,NOT_VISIBLE,0.0,0.0,,
images/001643.png,NOT_VISIBLE,0.0,0.0,,
images/001644.png,NOT_VISIBLE,0.0,0.0,,
images/001645.png,NOT_VISIBLE,0.0,0.0,,
images/001646.png,NOT_VISIBLE,0.0,0.0,,
images/001647.png,NOT_VISIBLE,0.0,0.0,,
images/001648.png,NOT_VISIBLE,0.0,0.0,,
images/001649.png,NOT_VISIBLE,0.0,0.0,,
images/001650.png,NOT_VISIBLE,0.0,0.0,,
images/001651.png,NOT_VISIBLE,0.0,0.0,,
images/001652.png,NOT_VISIBLE,0.0,0.0,,
images/001653.png,NOT_VISIBLE,0.0,0.0,,
images/001654.png,NOT_VISIBLE,0.0,0.0,,
images/001655.png,NOT_VISIBLE,0.0,0.0,,
images/001656.png,NOT_VISIBLE,0.0,0.0,,
images/001657.png,NOT_VISIBLE,0.0,0.0,,
images/001658.png,NOT_VISIBLE,0.0,0.0,,
images/001659.png,NOT_VISIBLE,0.0,0.0,,
images/001660.png,NOT_VISIBLE,0.0,0.0,,
images/001661.png,NOT_VISIBLE,0.0,0.0,,
images/001662.png,NOT_VISIBLE,0.0,0.0,,
images/001663.png,NOT_VISIBLE,0.0,0.0,,
images/001664.png,NOT_VISIBLE,0.0,0.0,,
images/001665.png,NOT_VISIBLE,0.0,0.0,,
images/001666.png,NOT_VISIBLE,0.0,0.0,,
images/001667.png,NOT_VISIBLE,0.0,0.0,,
images/001668.png,NOT_VISIBLE,0.0,0.0,,
images/001669.png,NOT_VISIBLE,0.0,0.0,,
images/001670.png,NOT_VISIBLE,0.0,0.0,,
images/001671.png,NOT_VISIBLE,0.0,0.0,,
images/001672.png,NOT_VISIBLE,0.0,0.0,,
images/001673.png,NOT_VISIBLE,0.0,0.0,,
images/001674.png,NOT_VISIBLE,0.0,0.0,,
images/001675.png,NOT_VISIBLE,0.0,0.0,,
images/001676.png,NOT_VISIBLE,0.0,0.0,,
images/001677.png,NOT_VISIBLE,0.0,0.0,,
images/001678.png,NOT_VISIBLE,0.0,0.0,,
images/001679.png,NOT_VISIBLE,0.0,0.0,,
images/001680.png,NOT_VISIBLE,0.0,0.0,,
images/001681.png,NOT_VISIBLE,0.0,0.0,,
images/001682.png,NOT_VISIBLE,0.0,0.0,,
images/001683.png,NOT_VISIBLE,0.0,0.0,,
images/001684.png,NOT_VISIBLE,0.0,0.0,,
images/001685.png,NOT_VISIBLE,0.0,0.0,,
images/001686.png,NOT_VISIBLE,0.0,0.0,,
images/001687.png,NOT_VISIBLE,0.0,0.0,,
images/001688.png,NOT_VISIBLE,0.0,0.0,,
images/001689.png,NOT_VISIBLE,0.0,0.0,,
images/001690.png,NOT_VISIBLE,0.0,0.0,,
images/001691.png,NOT_VISIBLE,0.0,0.0,,
images/001692.png,NOT_VISIBLE,0.0,0.0,,
images/001693.png,NOT_VISIBLE,0.0,0.0,,
images/001694.png,NOT_VISIBLE,0.0,0.0,,
images/001695.png,NOT_VISIBLE,0.0,0.0,,
images/001696.png,NOT_VISIBLE,0.0,0.0,,
images/001697.png,NOT_VISIBLE,0.0,0.0,,
images/001698.png,NOT_VISIBLE,0.0,0.0,,
images/001699.png,NOT_VISIBLE,0.0,0.0,,
images/001700.png,NOT_VISIBLE,0.0,0.0,,
images/001701.png,NOT_VISIBLE,0.0,0.0,,
images/001702.png,NOT_VISIBLE,0.0,0.0,,
images/001703.png,NOT_VISIBLE,0.0,0.0,,
images/001704.png,NOT_VISIBLE,0.0,0.0,,
images/001705.png,NOT_VISIBLE,0.0,0.0,,
images/001706.png,NOT_VISIBLE,0.0,0.0,,
images/001707.png,NOT_VISIBLE,0.0,0.0,,
images/001708.png,NOT_VISIBLE,0.0,0.0,,
images/001709.png,NOT_VISIBLE,0.0,0.0,,
images/001710.png,NOT_VISIBLE,0.0,0.0,,
images/001711.png,NOT_VISIBLE,0.0,0.0,,
images/001712.png,NOT_VISIBLE,0.0,0.0,,
images/001713.png,NOT_VISIBLE,0.0,0.0,,
images/001714.png,NOT_VISIBLE,0.0,0.0,,
images/001715.png,NOT_VISIBLE,0.0,0.0,,
images/001716.png,NOT_VISIBLE,0.0,0.0,,
images/001717.png,NOT_VISIBLE,0.0,0.0,,
images/001718.png,NOT_VISIBLE,0.0,0.0,,
images/001719.png,NOT_VISIBLE,0.0,0.0,,
images/001720.png,NOT_VISIBLE,0.0,0.0,,
images/001721.png,NOT_VISIBLE,0.0,0.0,,
images/001722.png,NOT_VISIBLE,0.0,0.0,,
images/001723.png,NOT_VISIBLE,0.0,0.0,,
images/001724.png,NOT_VISIBLE,0.0,0.0,,
images/001725.png,NOT_VISIBLE,0.0,0.0,,
images/001726.png,NOT_VISIBLE,0.0,0.0,,
images/001727.png,NOT_VISIBLE,0.0,0.0,,
images/001728.png,NOT_VISIBLE,0.0,0.0,,
images/001729.png,NOT_VISIBLE,0.0,0.0,,
images/001730.png,NOT_VISIBLE,0.0,0.0,,
images/001731.png,NOT_VISIBLE,0.0,0.0,,
images/001732.png,NOT_VISIBLE,0.0,0.0,,
images/001733.png,NOT_VISIBLE,0.0,0.0,,
images/001734.png,NOT_VISIBLE,0.0,0.0,,
images/001735.png,NOT_VISIBLE,0.0,0.0,,
images/001736.png,NOT_VISIBLE,0.0,0.0,,
images/001737.png,NOT_VISIBLE,0.0,0.0,,
images/001738.png,NOT_VISIBLE,0.0,0.0,,
images/001739.png,NOT_VISIBLE,0.0,0.0,,
images/001740.png,NOT_VISIBLE,0.0,0.0,,
images/001741.png,NOT_VISIBLE,0.0,0.0,,
images/001742.png,NOT_VISIBLE,0.0,0.0,,
images/001743.png,NOT_VISIBLE,0.0,0.0,,
images/001744.png,NOT_VISIBLE,0.0,0.0,,
images/001745.png,NOT_VISIBLE,0.0,0.0,,
images/001746.png,NOT_VISIBLE,0.0,0.0,,
images/001747.png,NOT_VISIBLE,0.0,0.0,,
images/001748.png,NOT_VISIBLE,0.0,0.0,,
images/001749.png,NOT_VISIBLE,0.0,0.0,,
images/001750.png,NOT_VISIBLE,0.0,0.0,,
images/001751.png,NOT_VISIBLE,0.0,0.0,,
images/001752.png,NOT_VISIBLE,0.0,0.0,,
images/001753.png,NOT_VISIBLE,0.0,0.0,,
images/001754.png,NOT_VISIBLE,0.0,0.0,,
images/001755.png,NOT_VISIBLE,0.0,0.0,,
images/001756.png,NOT_VISIBLE,0.0,0.0,,
images/001757.png,NOT_VISIBLE,0.0,0.0,,
images/001758.png,NOT_VISIBLE,0.0,0.0,,
images/001759.png,NOT_VISIBLE,0.0,0.0,,
images/001760.png,NOT_VISIBLE,0.0,0.0,,
images/001761.png,NOT_VISIBLE,0.0,0.0,,
images/001762.png,NOT_VISIBLE,0.0,0.0,,
images/001763.png,NOT_VISIBLE,0.0,0.0,,
images/001764.png,NOT_VISIBLE,0.0,0.0,,
images/001765.png,NOT_VISIBLE,0.0,0.0,,
images/001766.png,NOT_VISIBLE,0.0,0.0,,
images/001767.png,NOT_VISIBLE,0.0,0.0,,
images/001768.png,NOT_VISIBLE,0.0,0.0,,
images/001769.png,NOT_VISIBLE,0.0,0.0,,
images/001770.png,NOT_VISIBLE,0.0,0.0,,
images/001771.png,NOT_VISIBLE,0.0,0.0,,
images/001772.png,NOT_VISIBLE,0.0,0.0,,
images/001773.png,NOT_VISIBLE,0.0,0.0,,
images/001774.png,NOT_VISIBLE,0.0,0.0,,
images/001775.png,NOT_VISIBLE,0.0,0.0,,
images/001776.png,NOT_VISIBLE,0.0,0.0,,
images/001777.png,NOT_VISIBLE,0.0,0.0,,
images/001778.png,NOT_VISIBLE,0.0,0.0,,
images/001779.png,NOT_VISIBLE,0.0,0.0,,
images/001780.png,NOT_VISIBLE,0.0,0.0,,
images/001781.png,NOT_VISIBLE,0.0,0.0,,
images/001782.png,NOT_VISIBLE,0.0,0.0,,
images/001783.png,NOT_VISIBLE,0.0,0.0,,
images/001784.png,NOT_VISIBLE,0.0,0.0,,
images/001785.png,NOT_VISIBLE,0.0,0.0,,
images/001786.png,NOT_VISIBLE,0.0,0.0,,
images/001787.png,NOT_VISIBLE,0.0,0.0,,
images/001788.png,NOT_VISIBLE,0.0,0.0,,
images/001789.png,NOT_VISIBLE,0.0,0.0,,
images/001790.png,NOT_VISIBLE,0.0,0.0,,
images/001791.png,NOT_VISIBLE,0.0,0.0,,
images/001792.png,NOT_VISIBLE,0.0,0.0,,
images/001793.png,NOT_VISIBLE,0.0,0.0,,
images/001794.png,NOT_VISIBLE,0.0,0.0,,
images/001795.png,NOT_VISIBLE,0.0,0.0,,
images/001796.png,NOT_VISIBLE,0.0,0.0,,
images/001797.png,NOT_VISIBLE,0.0,0.0,,
images/001798.png,NOT_VISIBLE,0.0,0.0,,
images/001799.png,NOT_VISIBLE,0.0,0.0,,
images/001800.png,NOT_VISIBLE,0.0,0.0,,
images/001801.png,NOT_VISIBLE,0.0,0.0,,
images/001802.png,NOT_VISIBLE,0.0,0.0,,
images/001803.png,NOT_VISIBLE,0.0,0.0,,
images/001804.png,NOT_VISIBLE,0.0,0.0,,
images/001805.png,NOT_VISIBLE,0.0,0.0,,
images/001806.png,NOT_VISIBLE,0.0,0.0,,
images/001807.png,NOT_VISIBLE,0.0,0.0,,
images/001808.png,NOT_VISIBLE,0.0,0.0,,
images/001809.png,NOT_VISIBLE,0.0,0.0,,
images/001810.png,NOT_VISIBLE,0.0,0.0,,
images/001811.png,NOT_VISIBLE,0.0,0.0,,
images/001812.png,NOT_VISIBLE,0.0,0.0,,
images/001813.png,NOT_VISIBLE,0.0,0.0,,
images/001814.png,NOT_VISIBLE,0.0,0.0,,
images/001815.png,NOT_VISIBLE,0.0,0.0,,
images/001816.png,NOT_VISIBLE,0.0,0.0,,
images/001817.png,NOT_VISIBLE,0.0,0.0,,
images/001818.png,NOT_VISIBLE,0.0,0.0,,
images/001819.png,NOT_VISIBLE,0.0,0.0,,
images/001820.png,NOT_VISIBLE,0.0,0.0,,
images/001821.png,NOT_VISIBLE,0.0,0.0,,
images/001822.png,NOT_VISIBLE,0.0,0.0,,
images/001823.png,NOT_VISIBLE,0.0,0.0,,
images/001824.png,NOT_VISIBLE,0.0,0.0,,
images/001825.png,NOT_VISIBLE,0.0,0.0,,
images/001826.png,NOT_VISIBLE,0.0,0.0,,
images/001827.png,NOT_VISIBLE,0.0,0.0,,
images/001828.png,NOT_VISIBLE,0.0,0.0,,
images/001829.png,NOT_VISIBLE,0.0,0.0,,
images/001830.png,NOT_VISIBLE,0.0,0.0,,
images/001831.png,NOT_VISIBLE,0.0,0.0,,
images/001832.png,NOT_VISIBLE,0.0,0.0,,
images/001833.png,NOT_VISIBLE,0.0,0.0,,
images/001834.png,NOT_VISIBLE,0.0,0.0,,
images/001835.png,NOT_VISIBLE,0.0,0.0,,
images/001836.png,NOT_VISIBLE,0.0,0.0,,
images/001837.png,NOT_VISIBLE,0.0,0.0,,
images/001838.png,NOT_VISIBLE,0.0,0.0,,
images/001839.png,NOT_VISIBLE,0.0,0.0,,
images/001840.png,NOT_VISIBLE,0.0,0.0,,
images/001841.png,NOT_VISIBLE,0.0,0.0,,
images/001842.png,NOT_VISIBLE,0.0,0.0,,
images/001843.png,NOT_VISIBLE,0.0,0.0,,
images/001844.png,NOT_VISIBLE,0.0,0.0,,
images/001845.png,NOT_VISIBLE,0.0,0.0,,
images/001846.png,NOT_VISIBLE,0.0,0.0,,
images/001847.png,NOT_VISIBLE,0.0,0.0,,
images/001848.png,NOT_VISIBLE,0.0,0.0,,
images/001849.png,NOT_VISIBLE,0.0,0.0,,
images/001850.png,NOT_VISIBLE,0.0,0.0,,
images/001851.png,NOT_VISIBLE,0.0,0.0,,
images/001852.png,NOT_VISIBLE,0.0,0.0,,
images/001853.png,NOT_VISIBLE,0.0,0.0,,
images/001854.png,NOT_VISIBLE,0.0,0.0,,
images/001855.png,NOT_VISIBLE,0.0,0.0,,
images/001856.png,NOT_VISIBLE,0.0,0.0,,
images/001857.png,NOT_VISIBLE,0.0,0.0,,
images/001858.png,NOT_VISIBLE,0.0,0.0,,
images/001859.png,NOT_VISIBLE,0.0,0.0,,
images/001860.png,NOT_VISIBLE,0.0,0.0,,
images/001861.png,NOT_VISIBLE,0.0,0.0,,
images/001862.png,NOT_VISIBLE,0.0,0.0,,
images/001863.png,NOT_VISIBLE,0.0,0.0,,
images/001864.png,NOT_VISIBLE,0.0,0.0,,
images/001865.png,NOT_VISIBLE,0.0,0.0,,
images/001866.png,NOT_VISIBLE,0.0,0.0,,
images/001867.png,NOT_VISIBLE,0.0,0.0,,
images/001868.png,NOT_VISIBLE,0.0,0.0,,
images/001869.png,NOT_VISIBLE,0.0,0.0,,
images/001870.png,NOT_VISIBLE,0.0,0.0,,
images/001871.png,NOT_VISIBLE,0.0,0.0,,
images/001872.png,NOT_VISIBLE,0.0,0.0,,
images/001873.png,NOT_VISIBLE,0.0,0.0,,
images/001874.png,NOT_VISIBLE,0.0,0.0,,
images/001875.png,NOT_VISIBLE,0.0,0.0,,
images/001876.png,NOT_VISIBLE,0.0,0.0,,
images/001877.png,NOT_VISIBLE,0.0,0.0,,
images/001878.png,NOT_VISIBLE,0.0,0.0,,
images/001879.png,NOT_VISIBLE,0.0,0.0,,
images/001880.png,NOT_VISIBLE,0.0,0.0,,
images/001881.png,NOT_VISIBLE,0.0,0.0,,
images/001882.png,NOT_VISIBLE,0.0,0.0,,
images/001883.png,NOT_VISIBLE,0.0,0.0,,
images/001884.png,NOT_VISIBLE,0.0,0.0,,
images/001885.png,NOT_VISIBLE,0.0,0.0,,
images/001886.png,NOT_VISIBLE,0.0,0.0,,
images/001887.png,NOT_VISIBLE,0.0,0.0,,
images/001888.png,NOT_VISIBLE,0.0,0.0,,
images/001889.png,NOT_VISIBLE,0.0,0.0,,
images/001890.png,NOT_VISIBLE,0.0,0.0,,
images/001891.png,NOT_VISIBLE,0.0,0.0,,
images/001892.png,NOT_VISIBLE,0.0,0.0,,
images/001893.png,NOT_VISIBLE,0.0,0.0,,
images/001894.png,NOT_VISIBLE,0.0,0.0,,
images/001895.png,NOT_VISIBLE,0.0,0.0,,
images/001896.png,NOT_VISIBLE,0.0,0.0,,
images/001897.png,NOT_VISIBLE,0.0,0.0,,
images/001898.png,NOT_VISIBLE,0.0,0.0,,
images/001899.png,NOT_VISIBLE,0.0,0.0,,
images/001900.png,NOT_VISIBLE,0.0,0.0,,
images/001901.png,NOT_VISIBLE,0.0,0.0,,
images/001902.png,NOT_VISIBLE,0.0,0.0,,
images/001903.png,NOT_VISIBLE,0.0,0.0,,
images/001904.png,NOT_VISIBLE,0.0,0.0,,
images/001905.png,NOT_VISIBLE,0.0,0.0,,
images/001906.png,NOT_VISIBLE,0.0,0.0,,
images/001907.png,NOT_VISIBLE,0.0,0.0,,
images/001908.png,NOT_VISIBLE,0.0,0.0,,
images/001909.png,NOT_VISIBLE,0.0,0.0,,
images/001910.png,NOT_VISIBLE,0.0,0.0,,
images/001911.png,NOT_VISIBLE,0.0,0.0,,
images/001912.png,NOT_VISIBLE,0.0,0.0,,
images/001913.png,NOT_VISIBLE,0.0,0.0,,
images/001914.png,NOT_VISIBLE,0.0,0.0,,
images/001915.png,NOT_VISIBLE,0.0,0.0,,
images/001916.png,NOT_VISIBLE,0.0,0.0,,
images/001917.png,NOT_VISIBLE,0.0,0.0,,
images/001918.png,NOT_VISIBLE,0.0,0.0,,
images/001919.png,NOT_VISIBLE,0.0,0.0,,
images/001920.png,NOT_VISIBLE,0.0,0.0,,
images/001921.png,NOT_VISIBLE,0.0,0.0,,
images/001922.png,NOT_VISIBLE,0.0,0.0,,
images/001923.png,NOT_VISIBLE,0.0,0.0,,
images/001924.png,NOT_VISIBLE,0.0,0.0,,
images/001925.png,NOT_VISIBLE,0.0,0.0,,
images/001926.png,NOT_VISIBLE,0.0,0.0,,
images/001927.png,NOT_VISIBLE,0.0,0.0,,
images/001928.png,NOT_VISIBLE,0.0,0.0,,
images/001929.png,NOT_VISIBLE,0.0,0.0,,
images/001930.png,NOT_VISIBLE,0.0,0.0,,
images/001931.png,NOT_VISIBLE,0.0,0.0,,
images/001932.png,NOT_VISIBLE,0.0,0.0,,
images/001933.png,NOT_VISIBLE,0.0,0.0,,
images/001934.png,NOT_VISIBLE,0.0,0.0,,
images/001935.png,NOT_VISIBLE,0.0,0.0,,
images/001936.png,NOT_VISIBLE,0.0,0.0,,
images/001937.png,NOT_VISIBLE,0.0,0.0,,
images/001938.png,NOT_VISIBLE,0.0,0.0,,
images/001939.png,NOT_VISIBLE,0.0,0.0,,
images/001940.png,NOT_VISIBLE,0.0,0.0,,
images/001941.png,NOT_VISIBLE,0.0,0.0,,
images/001942.png,NOT_VISIBLE,0.0,0.0,,
images/001943.png,NOT_VISIBLE,0.0,0.0,,
images/001944.png,NOT_VISIBLE,0.0,0.0,,
images/001945.png,NOT_VISIBLE,0.0,0.0,,
images/001946.png,NOT_VISIBLE,0.0,0.0,,
images/001947.png,NOT_VISIBLE,0.0,0.0,,
images/001948.png,NOT_VISIBLE,0.0,0.0,,
images/001949.png,NOT_VISIBLE,0.0,0.0,,
images/001950.png,NOT_VISIBLE,0.0,0.0,,
images/001951.png,NOT_VISIBLE,0.0,0.0,,
images/001952.png,NOT_VISIBLE,0.0,0.0,,
images/001953.png,NOT_VISIBLE,0.0,0.0,,
images/001954.png,NOT_VISIBLE,0.0,0.0,,
images/001955.png,NOT_VISIBLE,0.0,0.0,,
images/001956.png,NOT_VISIBLE,0.0,0.0,,
images/001957.png,NOT_VISIBLE,0.0,0.0,,
images/001958.png,NOT_VISIBLE,0.0,0.0,,
images/001959.png,NOT_VISIBLE,0.0,0.0,,
images/001960.png,NOT_VISIBLE,0.0,0.0,,
images/001961.png,NOT_VISIBLE,0.0,0.0,,
images/001962.png,NOT_VISIBLE,0.0,0.0,,
images/001963.png,NOT_VISIBLE,0.0,0.0,,
images/001964.png,NOT_VISIBLE,0.0,0.0,,
images/001965.png,NOT_VISIBLE,0.0,0.0,,
images/001966.png,NOT_VISIBLE,0.0,0.0,,
images/001967.png,NOT_VISIBLE,0.0,0.0,,
images/001968.png,NOT_VISIBLE,0.0,0.0,,
images/001969.png,NOT_VISIBLE,0.0,0.0,,
images/001970.png,NOT_VISIBLE,0.0,0.0,,
images/001971.png,NOT_VISIBLE,0.0,0.0,,
images/001972.png,NOT_VISIBLE,0.0,0.0,,
images/001973.png,NOT_VISIBLE,0.0,0.0,,
images/001974.png,NOT_VISIBLE,0.0,0.0,,
images/001975.png,NOT_VISIBLE,0.0,0.0,,
images/001976.png,NOT_VISIBLE,0.0,0.0,,
images/001977.png,NOT_VISIBLE,0.0,0.0,,
images/001978.png,NOT_VISIBLE,0.0,0.0,,
images/001979.png,NOT_VISIBLE,0.0,0.0,,
images/001980.png,NOT_VISIBLE,0.0,0.0,,
images/001981.png,NOT_VISIBLE,0.0,0.0,,
images/001982.png,NOT_VISIBLE,0.0,0.0,,
images/001983.png,NOT_VISIBLE,0.0,0.0,,
images/001984.png,NOT_VISIBLE,0.0,0.0,,
images/001985.png,NOT_VISIBLE,0.0,0.0,,
images/001986.png,NOT_VISIBLE,0.0,0.0,,
images/001987.png,NOT_VISIBLE,0.0,0.0,,
images/001988.png,NOT_VISIBLE,0.0,0.0,,
images/001989.png,NOT_VISIBLE,0.0,0.0,,
images/001990.png,NOT_VISIBLE,0.0,0.0,,
images/001991.png,NOT_VISIBLE,0.0,0.0,,
images/001992.png,NOT_VISIBLE,0.0,0.0,,
images/001993.png,NOT_VISIBLE,0.0,0.0,,
images/001994.png,NOT_VISIBLE,0.0,0.0,,
images/001995.png,NOT_VISIBLE,0.0,0.0,,
images/001996.png,NOT_VISIBLE,0.0,0.0,,
images/001997.png,NOT_VISIBLE,0.0,0.0,,
images/001998.png,NOT_VISIBLE,0.0,0.0,,
images/001999.png,NOT_VISIBLE,0.0,0.0,,
